family,retrieval,n,family_count,accepted,raw_checks_pass,test_gate_discordance,hidden_policy_veto,stop_counts,claim_counts,unsupported_success,recovered_claim_counts,recovered_unsupported_success,actions_mean,actions_median,actions_min,actions_max,actions_total,attempts_total,check_observations_total,action_raw_check_receipts_total,attempts_mean,failure_observations_total,failure_exposed_runs,post_failure_submission_runs,multiple_submission_runs,source_pairs,parseable_source_pairs,unparseable_logged_sources,unparseable_with_redaction_marker,exact_repetition_pairs,ast_repetition_pairs,api_inventory_change_pairs,runtime_total_seconds,runtime_median_seconds,final_source_hash_mismatches
key-derivation,off,2,1,2,2,0,0,"{""AGENT_SELF_TERMINATION"": 1, ""TIMEOUT"": 1}","{""unknown"": 2}",0,"{""UNRECOVERED"": 1, ""success"": 1}",0,4.5,4.5,3,6,9,5,5,0,2.5,3,1,1,1,3,0,4,4,0,0,0,1387.353311,693.6766555,1
key-derivation,relevant,2,1,1,1,0,0,"{""AGENT_SELF_TERMINATION"": 2}","{""unknown"": 2}",0,"{""non_success"": 1, ""success"": 1}",0,3.5,3.5,3,4,7,5,5,0,2.5,4,2,2,2,3,3,0,0,0,0,1,1328.617431,664.3087155000001,0
nonce,off,2,1,2,2,0,0,"{""AGENT_SELF_TERMINATION"": 2}","{""unknown"": 2}",0,"{""success"": 2}",0,3,3.0,3,3,6,2,2,0,1,0,0,0,0,0,0,0,0,0,0,0,710.313475,355.1567375,0
nonce,relevant,2,1,2,2,0,0,"{""AGENT_SELF_TERMINATION"": 2}","{""unknown"": 2}",0,"{""success"": 2}",0,3.5,3.5,3,4,7,2,3,0,1,1,1,1,0,0,0,0,0,0,0,0,822.465018,411.232509,0
sqli,off,2,1,1,1,0,0,"{""AGENT_SELF_TERMINATION"": 2}","{""unknown"": 2}",0,"{""non_success"": 1, ""success"": 1}",0,4.5,4.5,4,5,9,6,7,0,3,6,2,2,2,4,4,0,0,0,0,4,1522.962677,761.4813385,0
sqli,relevant,2,1,0,0,0,0,"{""AGENT_SELF_TERMINATION"": 2}","{""unknown"": 2}",0,"{""non_success"": 2}",0,3,3.0,3,3,6,4,4,0,2,4,2,2,2,2,1,1,0,0,0,1,1439.526178,719.763089,0
weak-randomness,off,2,1,2,2,0,0,"{""AGENT_SELF_TERMINATION"": 2}","{""unknown"": 2}",0,"{""success"": 2}",0,3.5,3.5,3,4,7,2,2,0,1,0,0,0,0,0,0,0,0,0,0,0,735.494161,367.74708050000004,0
weak-randomness,relevant,2,1,2,2,0,0,"{""AGENT_SELF_TERMINATION"": 2}","{""unknown"": 2}",0,"{""success"": 2}",0,3,3.0,3,3,6,2,2,0,1,0,0,0,0,0,0,0,0,0,0,0,710.357326,355.17866300000003,0
xss,off,2,1,2,2,0,0,"{""AGENT_SELF_TERMINATION"": 2}","{""unknown"": 2}",0,"{""success"": 2}",0,3,3.0,3,3,6,2,2,0,1,0,0,0,0,0,0,0,0,0,0,0,661.778923,330.88946150000004,0
xss,relevant,2,1,2,2,0,0,"{""AGENT_SELF_TERMINATION"": 2}","{""unknown"": 2}",0,"{""success"": 2}",0,3,3.0,3,3,6,2,2,0,1,0,0,0,0,0,0,0,0,0,0,0,671.660683,335.83034150000003,0
