path,sha256
analysis/paper_pipeline.py,5f2b009d01ed445a370f5d9b8fd2b95bc51b82627953dcd86bf8f110cc04d263
benchmark/retrieval_corpus.jsonl,3d1a662cf4e40208d95a0d30aae0cfc00aa07544e942c117ba66921e4e77461f
benchmark/tasks/executable/catalog.jsonl,3a23520b12968309ab51d99be0662398515a21c015334222faf4360c4767e3dc
crypto_target/templates_extended/aead/secure_reference.py,afc1810759cff9c0b2a7437968c705e345d57ab8236e3aecbf4e752a4b48f55e
crypto_target/templates_extended/aead/vulnerable.py,bb92904d27b3e36561ba7773efd57f9ac85c7e3feafea805f700888c8a88b4c8
crypto_target/templates_extended/key-derivation/secure_reference.py,1613d271c1f0f8c196d7e95e00780dc8ddde54b596603b449448aab06a2efa07
crypto_target/templates_extended/key-derivation/vulnerable.py,77180c00d0d70d7bf1628fe70e5e3e202226b600ec99981d47c006474cca2e7f
crypto_target/templates_extended/nonce/secure_reference.py,afc1810759cff9c0b2a7437968c705e345d57ab8236e3aecbf4e752a4b48f55e
crypto_target/templates_extended/nonce/vulnerable.py,bb92904d27b3e36561ba7773efd57f9ac85c7e3feafea805f700888c8a88b4c8
crypto_target/templates_extended/weak-randomness/secure_reference.py,ef2e18b00664fceb35faf8083adcd3531a43ddc4709f53681e9a2a7219a02723
crypto_target/templates_extended/weak-randomness/vulnerable.py,8f8167af1571749c10dad65ff5275ad540bbb77f25d39f777091978a42d72aa0
docs/OVERNIGHT_PROFILE.md,bc505d0ff1df16534d878561d172a6661cd95db42f02d3e4159700fa4d799ec0
docs/preregistration.md,ae01bd3d7aeda8578fd3905d4ebd5ba52745f51c71f67e0e3cc8832d7507d025
experiments/executable_episode.py,247022300c14ebe93f3fa49aba5e46d701f89b6433bb07d8cc71c845724aa6d0
experiments/ledgers/rag-overnight-v2-main-0-5-0.json,76acef9ff1336aca823bb46403d847d0a986fb2e19698cd597ee261345b60daa
experiments/ledgers/rag-overnight-v2-pilot-0-5-0.json,117dfbd4a6b09ddd56c142154771d4f479fec91a54be3c9468026f4f3fc97dc2
experiments/manifests/containment-lab-20261003t061950z.json,de12b274c0dcff83a4a74f499c7aeeb675808d708199329230843158aca221fa
experiments/manifests/containment-lab-20261003t062328z.json,6e317dc18318bb452d1f29a31b1b4bc495a2f6cde3bb624e88b30ed4c538f077
experiments/manifests/containment-lab-20261003t062705z.json,cf0845f8a49be03ff47d32c086d3ec8438d1fc2b6e8866b25828e61448e80b49
experiments/manifests/containment-lab-20261003t063031z.json,60c17bf435078e165dfa25af1d7d5fd3350d45896232440eddf0f578dcf2565e
experiments/manifests/crypto-aead-ollama-smoke-excluded-v0.1.0.json,5014cc06bc496a614d77c6d3f16c17036624a455f95455e38bd108d17329f3c7
experiments/manifests/crypto-aead-ollama-smoke-excluded-v0.1.1.json,a0902e25f26a0a32ba8deb64377bf6acb72bdd421b29d400584c3efc95b8f54f
experiments/manifests/crypto-aead-ollama-smoke-excluded-v0.1.2.json,d02ab0fbbcaba7d1fc437803bbde2b61013f2fca6b5b1861b8341582929b152a
experiments/manifests/crypto-aead-ollama-smoke-excluded-v0.1.3.json,0f6d2f5701b02c7a281feb4adb2d6022fe9ec6dbb54c33b2fd0f88979ea0f1d3
experiments/manifests/crypto-aead-ollama-smoke-excluded-v0.1.4.json,6d1fff5cf78a47413f948338265d817a9176d0634eaddb43d3a217d3c99944b5
experiments/manifests/crypto-aead-ollama-smoke-excluded-v0.1.5.json,7240d700ac30b45f9a283dd6f9dd04a5d543b40d9e9f8bae23251000934d6a5a
experiments/manifests/crypto-aead-ollama-smoke-excluded-v0.1.6.json,88a869aa9f79feaffd67b3f99ff3c1bff95b59a2f7b95db88520fc64f0bac1a1
experiments/manifests/crypto-aead-ollama-smoke-excluded-v0.1.7.json,f77c2af4fe59fb0fb137141dad1cc72467247b974ca4603e04854bb702541102
experiments/manifests/crypto-aead-ollama-smoke-excluded-v0.1.8.json,b9e5c12796200956ac0373278d09c78b31833094e0d3fa1fe645f48b79397865
experiments/manifests/crypto-aead-ollama-smoke-excluded-v0.4.0.json,18c4addbc74c4c8c6331fbdf7f38e850caace4f3d28afb836ffc2399cd5dd593
experiments/manifests/crypto-key-derivation-ollama-smoke-excluded-v0.4.0.json,244fbead717516d4d67447433953358fb9890797ca696ef1d35055690d5e6590
experiments/manifests/crypto-key-management-ollama-smoke-excluded-v0.4.0.json,fdfa2b1a0bf81e332b6cf9b6c36017bd868943764bfc3e2517ae37b3a94a60d5
experiments/manifests/crypto-nonce-ollama-smoke-excluded-v0.4.0.json,59da10ad4e2c10b7c7281026e7445eaa4356fdd674191ab87e39859b4d6117a8
experiments/manifests/crypto-weak-randomness-ollama-smoke-excluded-v0.4.0.json,d0e72557ef473eb84bc7b78e442609bbc5f5c0d7f7012f148b4064b012ef8612
experiments/manifests/e2e-local-finite-state-v0.1.2.json,2f3cb93108b12c4a947bb3327b0897867225c968e21826533871b7b7576379de
experiments/manifests/executable-smoke-v0-5-0-085636908dd2.json,f819df6a2a61a72e604a32a3d7f1bae99a1b3f51e2de6f8301dc85fa23bfcbe9
experiments/manifests/executable-smoke-v0-5-0-98a4dcf41467.json,39ad809bc5070b4d5a1e97c911570560d6321de178bcefb017e23d008c8ce56c
experiments/manifests/executable-smoke-v0-5-0-c9df9fc77bcc.json,1ab59eae2b34cf983e54f3e160549578889810f871a80b31cddd7d9b98f1f75f
experiments/manifests/executable-smoke-v0-5-0.json,d062f54e802148b06d0a1d637a59acefa423334ffc59c6c105607d498e3c0bab
experiments/manifests/rag-factorial-pilot-0-5-0.json,fb68d2654484afccb850bded9038a975f35d180f67a27451effe34446cca7eac
experiments/manifests/rag-overnight-v1-pilot-0-5-0.json,67f7712a27c370b512b2821bcea5e3a5ece02becc00c662d46bdc46fc1079491
experiments/manifests/rag-overnight-v2-main-0-5-0.json,54e6c5e1e2ec834bb13a990451999565cfa60504dbf6022d23ff40cec807938b
experiments/manifests/rag-overnight-v2-pilot-0-5-0.json,56ed35fa2754e5aa72563c092ae574139a9db36c8aa9e0454706651c7ff5f8e3
experiments/manifests/web-xss-ollama-smoke-excluded-v0.4.0.json,ccadb1c3169b07901e0187808879c700f74d6593865ea575d897a2034499e94f
experiments/nightly/rag-overnight-20261002T174849Z.json,d0bd361c7c4e7a31de490641b92c8f508900b81b34bf8f21631b3b3016c9fda6
experiments/raw_archive/rag-overnight-v2-main-0-5-0/archive_manifest.json,07bf61e0db8d23aa7bfdf4481fad9b2f6b1ed867870cd17f8e230560f4e6d950
experiments/raw_archive/rag-overnight-v2-main-0-5-0/runs/rag-overnight-v2-main-0-5-0-slot-000001.jsonl,329f5d5bcdd90ac5ac019a939a5cd325c1468a0d9d0e629436fcda766841cc61
experiments/raw_archive/rag-overnight-v2-main-0-5-0/runs/rag-overnight-v2-main-0-5-0-slot-000002.jsonl,2396c2bf155ed6d2fc94007cf1a4f2d18c651f0ec83f1c882e16cc9ef89e2faf
experiments/raw_archive/rag-overnight-v2-main-0-5-0/runs/rag-overnight-v2-main-0-5-0-slot-000003.jsonl,08a9e35924db192014c5948e9c23f14ec35dbf09348d8894c309e6965b62d86d
experiments/raw_archive/rag-overnight-v2-main-0-5-0/runs/rag-overnight-v2-main-0-5-0-slot-000004.jsonl,5944163b8d6985438b1b4cbba851e874688fd978f40e78ef4a6970ebd6be3d3b
experiments/raw_archive/rag-overnight-v2-main-0-5-0/runs/rag-overnight-v2-main-0-5-0-slot-000005.jsonl,5ab96aacdb2384804cba0a69041bbaee5a49c015d92a1f7922f08289e0696bd5
experiments/raw_archive/rag-overnight-v2-main-0-5-0/runs/rag-overnight-v2-main-0-5-0-slot-000006.jsonl,9087095041e37f80033d3456100ee7e40b0f37b23abccd2235b80780f1880f59
experiments/raw_archive/rag-overnight-v2-main-0-5-0/runs/rag-overnight-v2-main-0-5-0-slot-000007.jsonl,03975d2962f9ddd717de70be640e884b8aac84dfb3e83aa77720f70c2e942a28
experiments/raw_archive/rag-overnight-v2-main-0-5-0/runs/rag-overnight-v2-main-0-5-0-slot-000008.jsonl,b9e27793d48dcf91bbc3e65a074ffb5ea431c48d7760cfb1e76b8ea2e94172fa
experiments/raw_archive/rag-overnight-v2-main-0-5-0/runs/rag-overnight-v2-main-0-5-0-slot-000009.jsonl,37e8a2ba7590a45cdc4aaeb3a7d9f22d232e0993ed8d4d2dc13349ad76feb088
experiments/raw_archive/rag-overnight-v2-main-0-5-0/runs/rag-overnight-v2-main-0-5-0-slot-000010.jsonl,aca14cf156c97dd65bdc65fecb945e81971fa3e201227cf827da07a8280758f0
experiments/raw_archive/rag-overnight-v2-main-0-5-0/runs/rag-overnight-v2-main-0-5-0-slot-000011.jsonl,7af465a5102172627f97cc5996cda7b3de8402fdf8e073605a20fd11c67e998a
experiments/raw_archive/rag-overnight-v2-main-0-5-0/runs/rag-overnight-v2-main-0-5-0-slot-000012.jsonl,b99b98a3f12a7b425ee949040dd4857b24c2f69eb22787679d541ce0956264ed
experiments/raw_archive/rag-overnight-v2-main-0-5-0/runs/rag-overnight-v2-main-0-5-0-slot-000013.jsonl,0cc72dd4fb78afcc377fe313b91f1fb7f0f309268c9603096303a3ee697cd200
experiments/raw_archive/rag-overnight-v2-main-0-5-0/runs/rag-overnight-v2-main-0-5-0-slot-000014.jsonl,e38bda89ba317adb69d41761ce4ed8e6c9341bc59e439717fe17f0ac8cb1a4d9
experiments/raw_archive/rag-overnight-v2-main-0-5-0/runs/rag-overnight-v2-main-0-5-0-slot-000015.jsonl,a9f4cb942c42357c4e34b9a1a6d54da92a331b791be62d7a65d0fadbe7f194ca
experiments/raw_archive/rag-overnight-v2-main-0-5-0/runs/rag-overnight-v2-main-0-5-0-slot-000016.jsonl,f5f73fec72ab4f10f0a151991f262203ea56f83239a8c003ca2fb20c86e5a2b0
experiments/raw_archive/rag-overnight-v2-main-0-5-0/runs/rag-overnight-v2-main-0-5-0-slot-000017.jsonl,ee943fb1b4c8d8afdf4e1ad94196d23714212ad61d58eca6ff0404b404a6d539
experiments/raw_archive/rag-overnight-v2-main-0-5-0/runs/rag-overnight-v2-main-0-5-0-slot-000018.jsonl,1e584dfced54b4e0f6966b9238f9ee8a0f14969ec91d8dd8f9b1be022c9207cb
experiments/raw_archive/rag-overnight-v2-main-0-5-0/runs/rag-overnight-v2-main-0-5-0-slot-000019.jsonl,7032a0e1a93a965802326a664ca35b50113ea6d071cb964db6698e7fcc01d8e2
experiments/raw_archive/rag-overnight-v2-main-0-5-0/runs/rag-overnight-v2-main-0-5-0-slot-000020.jsonl,c6649f107843be5364640e20814d8bb6772ac3aab4eb8f206cf1e21308df8539
experiments/raw_archive/rag-overnight-v2-main-0-5-0/runs/rag-overnight-v2-main-0-5-0-slot-000021.jsonl,88d26fca5ab1267c481de463c86ee8367de06487049487680deda2b9138ea271
experiments/raw_archive/rag-overnight-v2-main-0-5-0/runs/rag-overnight-v2-main-0-5-0-slot-000022.jsonl,093adc1be31fe8d780479d30b492691b4cf247b7e26ad54b71b09551f6ba541b
experiments/raw_archive/rag-overnight-v2-main-0-5-0/runs/rag-overnight-v2-main-0-5-0-slot-000023.jsonl,1ceab3b55786f4ed92f28c488fab0d2c53375699e4fb954b3fbd681dcb41bd7c
experiments/raw_archive/rag-overnight-v2-main-0-5-0/runs/rag-overnight-v2-main-0-5-0-slot-000024.jsonl,e0f70ed6cd5cbf346f80666ee0349296380fe50c035fc6c04f0028f485204c76
experiments/raw_archive/rag-overnight-v2-main-0-5-0/runs/rag-overnight-v2-main-0-5-0-slot-000025.jsonl,c286d9a0059c4ba0ad27504c792e393bfadceb4c0486885e3262cbf3f5df6499
experiments/raw_archive/rag-overnight-v2-main-0-5-0/runs/rag-overnight-v2-main-0-5-0-slot-000026.jsonl,2232e945f463f1dd6b0254901629cb77eb2178470cc05d5155e09491dfac4414
experiments/raw_archive/rag-overnight-v2-main-0-5-0/runs/rag-overnight-v2-main-0-5-0-slot-000027.jsonl,d4a4289c66de5f57707154206ab05271fb0131a2ecda693f411019c1a89041db
experiments/raw_archive/rag-overnight-v2-main-0-5-0/runs/rag-overnight-v2-main-0-5-0-slot-000028.jsonl,fb06a4766d4772879af665522f463cbf976cc71c08ff17763b1ffb431ff9edb4
experiments/raw_archive/rag-overnight-v2-main-0-5-0/runs/rag-overnight-v2-main-0-5-0-slot-000029.jsonl,e63a4f1211625e6bc50c4b6a3b83566878f58932d6ad629e24d6eb9e2f9ae884
experiments/raw_archive/rag-overnight-v2-main-0-5-0/runs/rag-overnight-v2-main-0-5-0-slot-000030.jsonl,38fe4df557b4d57132052a7d8c4ab1a7ca4a546c63cbd915c4043e874d2db535
experiments/raw_archive/rag-overnight-v2-main-0-5-0/runs/rag-overnight-v2-main-0-5-0-slot-000031.jsonl,1562becb7d4155b72b7baa6deed7d6ac635f21e5c5b72418b8b95d070b3d5a1f
experiments/raw_archive/rag-overnight-v2-main-0-5-0/runs/rag-overnight-v2-main-0-5-0-slot-000032.jsonl,df0860219dca973f65759bde530d4fcade1e50155dd1fb08644d4538c81598e0
experiments/raw_archive/rag-overnight-v2-main-0-5-0/runs/rag-overnight-v2-main-0-5-0-slot-000033.jsonl,dbd48e0a1c510b6e261108ca1e0729ae34e4036c7ed89f0873603e8e0c3914a3
experiments/raw_archive/rag-overnight-v2-main-0-5-0/runs/rag-overnight-v2-main-0-5-0-slot-000034.jsonl,29fe687887f3280f873e1c1b8f392346df05fbb026d1627c01a2051735e47681
experiments/raw_archive/rag-overnight-v2-main-0-5-0/runs/rag-overnight-v2-main-0-5-0-slot-000035.jsonl,b675062d5e0b3d0e06a51f1827193806a4d6e5c0bde371013978a76060be1e50
experiments/raw_archive/rag-overnight-v2-main-0-5-0/runs/rag-overnight-v2-main-0-5-0-slot-000036.jsonl,956557a14b7daa33f92d4c4d25e0cd25f29fdac8e69ed345ba9752e6df6bfe3b
experiments/raw_archive/rag-overnight-v2-main-0-5-0/runs/rag-overnight-v2-main-0-5-0-slot-000037.jsonl,4a811d0e29f44a980e4248ffc4eae0ab87c4a039eeb47eebeac44300c3078b47
experiments/raw_archive/rag-overnight-v2-main-0-5-0/runs/rag-overnight-v2-main-0-5-0-slot-000038.jsonl,14f59ea489ede2c54b72efcd0396bedf009bf356d3f7578a368c6b018c2d4b34
experiments/raw_archive/rag-overnight-v2-main-0-5-0/runs/rag-overnight-v2-main-0-5-0-slot-000039.jsonl,55e9f13d1081cf9d59145cf5a4e22e3745999435a15a07ca0b7534f8da0e380c
experiments/raw_archive/rag-overnight-v2-main-0-5-0/runs/rag-overnight-v2-main-0-5-0-slot-000040.jsonl,dae1543ef0b338dc4008e2c9dc77a99cf895123f072fd5b73e94d86d0e7ec79c
experiments/raw_archive/rag-overnight-v2-pilot-0-5-0/archive_manifest.json,29d310adc6425cf007de5d55173539ac7f25c544f99950a034b270d7352aa3f4
experiments/raw_archive/rag-overnight-v2-pilot-0-5-0/runs/rag-overnight-v2-pilot-0-5-0-slot-000001.jsonl,921c8e443462c6b05d3774475a161efc784c078e308e3f7cf627bc87d1fa7c15
experiments/raw_archive/rag-overnight-v2-pilot-0-5-0/runs/rag-overnight-v2-pilot-0-5-0-slot-000002.jsonl,e515ad76902c517d6de6ffbe66909feaaf2e03540fd361f1296b0fd1e30a6e45
experiments/raw_archive/rag-overnight-v2-pilot-0-5-0/runs/rag-overnight-v2-pilot-0-5-0-slot-000003.jsonl,c8d468fc19753d4283bbc0d8459300c421e980ccf2e43ab23036bd4c7d7a99fc
experiments/raw_archive/rag-overnight-v2-pilot-0-5-0/runs/rag-overnight-v2-pilot-0-5-0-slot-000004.jsonl,3d7193cece4a0dcd5c764b008887071558f76bcb37a960b3ebe5b18560e13889
experiments/raw_archive/rag-overnight-v2-pilot-0-5-0/runs/rag-overnight-v2-pilot-0-5-0-slot-000005.jsonl,9847b61dfa7349d1b6d9c9c18f20687527335e387fc94cc4e7b28d8fc58f8979
experiments/raw_archive/rag-overnight-v2-pilot-0-5-0/runs/rag-overnight-v2-pilot-0-5-0-slot-000006.jsonl,15178d28ef5ec1a155b333742eb01e92cfae58575840c8106fe5256e8a7822e4
experiments/raw_archive/rag-overnight-v2-pilot-0-5-0/runs/rag-overnight-v2-pilot-0-5-0-slot-000007.jsonl,01203fc72f58d43cb2855b291986712907034e39725db5a2774d5c4c2ab8c930
experiments/raw_archive/rag-overnight-v2-pilot-0-5-0/runs/rag-overnight-v2-pilot-0-5-0-slot-000008.jsonl,61f0964e5ddf717d1824eb77c7e183bed165ae5a5a0abbf15bc0c6909a408a89
experiments/results/rag-overnight-v2-main-0-5-0.jsonl,ec7a3ec0bedb2337262d769c6acad6eef42e40b1e96e6da009dbab73a4d26816
experiments/results/rag-overnight-v2-pilot-0-5-0.jsonl,663244ebd1920f681badf05baa2a478dc0500eb179737268fe9a9e5bebf03c41
experiments/runs/containment-lab-20261003t061950z/lab-001.jsonl,9f8b02a15480c1016ad7999d3715c53af167c5eb0165c58caa19c1fb08cf0061
experiments/runs/containment-lab-20261003t061950z/lab-001.receipt.json,3790aeec1c8661b075186d39c008fe83c6f790a55b6ebe9ac5365d313c44263a
experiments/runs/containment-lab-20261003t062328z/lab-001.jsonl,8f4adb64b1a77e2aa848d8d15a0fbd38a40974f7d1da938e09888f82ee8a99fe
experiments/runs/containment-lab-20261003t062328z/lab-001.receipt.json,e7bbf4f5fd6daa3389ca20572ca910bbf6e9d265a0f3e786d40c33ce3d0a0c1b
experiments/runs/containment-lab-20261003t062705z/lab-001.jsonl,921acb2357edf8cd9ba4ae6834c6a700761ed4940560cacee6fc9edad3c5ea90
experiments/runs/containment-lab-20261003t062705z/lab-001.receipt.json,b6378b7f2505ee27eb82f747e193a0c51226b1d3d6cfdca49d37f71cac1a9cb3
experiments/runs/containment-lab-20261003t063031z/lab-001.jsonl,e8c4c108fdcb5f3ab51e9fac98dff0cdd9dca86a45915e972abe1cee28bc42d1
experiments/runs/containment-lab-20261003t063031z/lab-001.receipt.json,043d2f6ba85257bd87d9c788f2d95e3f1ec1d21ddee4769b65d733c9e8411b38
experiments/runs/containment-lab-20261003t063031z/lab-002.jsonl,5257940718910a8227b8dbe45b9598b07029b528af88ecade4c40649d71bb149
experiments/runs/containment-lab-20261003t063031z/lab-002.receipt.json,31b997b53fcd7f07c6b85880d02fd24760810a1fdfcbceea66d67ebf4dc9008d
experiments/runs/containment-lab-20261003t063031z/lab-003.jsonl,2bdb7892bef41b5ea00a80c969d84a9741fb7bdd1ed9a4669b632a8e98e5824d
experiments/runs/containment-lab-20261003t063031z/lab-003.receipt.json,c74032f83a4049b104ffd1614a9c7007d5aec1d6de164e19d70e2a6fdfd2fbcd
experiments/runs/containment-lab-20261003t063031z/lab-004.jsonl,63bf7e9ec70d4061b9cef56cfa3a0f8fbfd2e9e74e50bfd0b45031d092a41cd1
experiments/runs/containment-lab-20261003t063031z/lab-004.receipt.json,5c9193d50fb46680ea1bdb00671cb4640ec72671d4c32fb0488bbd457abd70a0
experiments/runs/containment-lab-20261003t063031z/lab-005.jsonl,20af168fce741c9384dc5971ef6111ef498b5e1d4d19ff66e54c39665764e60f
experiments/runs/containment-lab-20261003t063031z/lab-005.receipt.json,1c36f92b2abf79c57c3d2fcda6795cae42669fbff23f6a64b3754f798c34244d
experiments/runs/containment-lab-20261003t063031z/lab-006.jsonl,4dd3db7a6015bb3ff9d749c3c189a958d139d43dc3d3d62b9afbce5a2a2167fd
experiments/runs/containment-lab-20261003t063031z/lab-006.receipt.json,f88360ecf540524754f6caee5d9c335c2eddfd9bab16d76b273503ba1eaca9bf
experiments/runs/containment-lab-20261003t063031z/lab-007.jsonl,7f554f46aff986d368029d6555ae296eb497a4576d9c6033dba91cfca5062c24
experiments/runs/containment-lab-20261003t063031z/lab-007.receipt.json,37ec4fd214960c25b201b0ed85c8a1d184cada6f1aeb722bd53a682e8cebf0e1
experiments/runs/containment-lab-20261003t063031z/lab-008.jsonl,8025fc45c10a16e5c13d50320bd6527269a222a2b1878ebaa5b8073ff8417eab
experiments/runs/containment-lab-20261003t063031z/lab-008.receipt.json,c988de8ddae6215f8a66aa8103b122b2c5f5cc45d2590eb1853c1d1b4cd7eb07
experiments/runs/containment-lab-20261003t063031z/lab-009.jsonl,4f2f818646f14413e862d31f007dbde91dc428f2247b7621918d66af0781d976
experiments/runs/containment-lab-20261003t063031z/lab-009.receipt.json,bdf1268ef3d6aaa53b0fff72df9b842e3fae9fd1ace194d304f01c788e64cc9e
experiments/runs/containment-lab-20261003t063031z/lab-010.jsonl,f29f58543795ae46c45922b81bda333bb1ad7a20eb3da5a7fe4655524bee23b4
experiments/runs/containment-lab-20261003t063031z/lab-010.receipt.json,b4548a2ad7f4104f79ce85f65aeeca34651b45477c2db0a9970e48f9f0a2ac92
experiments/runs/containment-lab-20261003t063031z/lab-011-attempt-002.jsonl,38beed6626cc4cd6094b1c4396d1bbdcc9b7d02334a0bdb392f056d4fdb6f3f8
experiments/runs/containment-lab-20261003t063031z/lab-011-attempt-002.receipt.json,4edfc51e1cc8e59a1a158a18b6ecee7996493eb84a00274db0c6e6a9003e7c1d
experiments/runs/containment-lab-20261003t063031z/lab-011.jsonl,cb3f6bc90f8305f79d1d3896337083b87b782165f22a3ac4386552019622a8d3
experiments/runs/containment-lab-20261003t063031z/lab-011.receipt.json,b7bcea582dee302fa818507789281761b03cd5e5c2ce069cb589d300e4034c31
experiments/runs/containment-lab-20261003t063031z/lab-012-attempt-002.jsonl,af11cf742a1e38de72ee4dd1829a65394cefdf0ca7405456407dfc246d67c806
experiments/runs/containment-lab-20261003t063031z/lab-012-attempt-002.receipt.json,ca49abb3c81ab75dc39e8739f8c16889eced91ab93cce70141da4739109e2a9a
experiments/runs/crypto-aead-ollama-smoke-excluded-v0.1.0/smoke-run-0001.jsonl,7ad2d40e640534698737f319184d72e5fc0886d942ae614de2acc25349ee8f98
experiments/runs/crypto-aead-ollama-smoke-excluded-v0.1.0/smoke-run-0001.receipt.json,c7452f8644da4d6f71bf8e7e70a4f6403cb15df626b0ca19270496c4fa18e658
experiments/runs/crypto-aead-ollama-smoke-excluded-v0.1.0/smoke-run-0002.jsonl,c87621f3d3f8e839129e863e17e83c69c2c83f4dc8d3cb872954def6255a4df6
experiments/runs/crypto-aead-ollama-smoke-excluded-v0.1.0/smoke-run-0002.receipt.json,591f8a26f51815d7a886d584c54feb41e3167eaf8f9537f0b14dba60bba06a71
experiments/runs/crypto-aead-ollama-smoke-excluded-v0.1.1/smoke-run-0001.jsonl,d59121361a00d878ba5dcf17e6aab702d814715c7f3440bc2eeddf0514b93dd2
experiments/runs/crypto-aead-ollama-smoke-excluded-v0.1.1/smoke-run-0001.receipt.json,0f6fc30b819d1c74f4bb403a12a4ed8e02dd39bfc07aa98e07efaebe1bce4ca6
experiments/runs/crypto-aead-ollama-smoke-excluded-v0.1.2/smoke-run-0001.jsonl,a9ddd346844acc1436ec7185c7fbe1e6d77d8e9f051999c4e03c170c392d4414
experiments/runs/crypto-aead-ollama-smoke-excluded-v0.1.2/smoke-run-0001.receipt.json,d65c0dac991e0baccbebe28b3e065fb1259cef36fc7d2283bb5fd75fc0a9cacb
experiments/runs/crypto-aead-ollama-smoke-excluded-v0.1.3/smoke-run-0001.jsonl,34513453ca3cfd4c0b14e84f0962e95f82490b329c70fab19759b81b5f129564
experiments/runs/crypto-aead-ollama-smoke-excluded-v0.1.3/smoke-run-0001.receipt.json,e558a85c8a19496263aa3806ac2f13ac05d88a02578ec88e40daeffcb107b643
experiments/runs/crypto-aead-ollama-smoke-excluded-v0.1.4/smoke-run-0001.jsonl,91c61af44b23b930e99f6bf53e9ae06b42698b15a3afd5cfb092d7c6eb7e25ff
experiments/runs/crypto-aead-ollama-smoke-excluded-v0.1.4/smoke-run-0001.receipt.json,4656a7cf16c0ec8953ffdcc30b242a937e766eeb827900247f533340829bb4b4
experiments/runs/crypto-aead-ollama-smoke-excluded-v0.1.5/smoke-run-0002.jsonl,9af1eb9132e912d87496f1de88d507658b41846f46b2cb727e4cf32c78c55e9e
experiments/runs/crypto-aead-ollama-smoke-excluded-v0.1.5/smoke-run-0002.receipt.json,25562b4e1f48b86c3e7343635b000860d2936100225a76e7c3b3807e1fff9363
experiments/runs/crypto-aead-ollama-smoke-excluded-v0.1.6/smoke-run-0003.jsonl,92a7fa4c9a0a952a4fac91cda6da3f25401cdaa6480c9edb724d09e22ce419be
experiments/runs/crypto-aead-ollama-smoke-excluded-v0.1.6/smoke-run-0003.receipt.json,e867da38c89f8da827c498911b587b9c8c8d5ed8b0b93e340a91f24a4c4127d4
experiments/runs/crypto-aead-ollama-smoke-excluded-v0.1.7/smoke-run-0004.jsonl,fc0ec7ed18a3d3d9e57c6f753c928bdec9cd4101070c1ee286902c1732b298ea
experiments/runs/crypto-aead-ollama-smoke-excluded-v0.1.7/smoke-run-0004.receipt.json,905f992ed1991cee001528375a21dd52b3b6660782df8ec5f342da05b550fba7
experiments/runs/crypto-aead-ollama-smoke-excluded-v0.1.8/smoke-run-0005.jsonl,bf4c499ca606e2de10a2087d6278666b4c82ce64b1b0b7381e99f82d368b223c
experiments/runs/crypto-aead-ollama-smoke-excluded-v0.1.8/smoke-run-0005.receipt.json,f584cf57a54e4a58cd36bdf06cd79a89d82a43b1458b9fcb9e08b2c116d77d46
experiments/runs/crypto-aead-ollama-smoke-excluded-v0.4.0/smoke-retry1-0001.jsonl,3ab5187c983ae582b60d1334f1b133d124e69da4d00becdaf6a19aa7d72da4dd
experiments/runs/crypto-aead-ollama-smoke-excluded-v0.4.0/smoke-retry1-0001.receipt.json,1ba4bae9680c6f6a1147fce2867f8fe775a202b13e720bc622bf67b34529ca22
experiments/runs/crypto-aead-ollama-smoke-excluded-v0.4.0/smoke-run-0001.jsonl,cd1c16b90fde7c226a17c1af290cdec47285744adc6bef6ebc67cdd0368841c4
experiments/runs/crypto-aead-ollama-smoke-excluded-v0.4.0/smoke-run-0001.receipt.json,a77c5c83433f80a166b99ead94a87d222193120c7c0836ab322175bfc2f412ef
experiments/runs/crypto-key-derivation-ollama-smoke-excluded-v0.4.0/smoke-run-0005.jsonl,93f930c9411860de5132472e31900fd611faa3780de237dffe939a431d517a28
experiments/runs/crypto-key-derivation-ollama-smoke-excluded-v0.4.0/smoke-run-0005.receipt.json,c75be966edfdb38b4418859eb48ff0d0a0a70a0d3003beff5e92a6ec7c216461
experiments/runs/crypto-key-management-ollama-smoke-excluded-v0.4.0/smoke-run-0003.jsonl,351541c4f09e9b6aa38af4cd4092bb3cd7f885e493258415aa3412a37409b9bd
experiments/runs/crypto-key-management-ollama-smoke-excluded-v0.4.0/smoke-run-0003.receipt.json,406c5908c70272f1a4ef0312ccfcc4ca00aa51207d7dd570b691c58120fb7485
experiments/runs/crypto-nonce-ollama-smoke-excluded-v0.4.0/smoke-retry1-0002.jsonl,a6f1cfedfa3c659beaadfadbb4614f2b960d8f98fd0dcd5cfd8261be322179ee
experiments/runs/crypto-nonce-ollama-smoke-excluded-v0.4.0/smoke-retry1-0002.receipt.json,8efa8a7d5b3fca532674b4b53142914464543814fd78eb75d032ac5738b1d6e9
experiments/runs/crypto-nonce-ollama-smoke-excluded-v0.4.0/smoke-run-0002.jsonl,35ab34ce815453c276d0cface0ccb8e1cbde1b4a59867479f38ab617e8d31c8a
experiments/runs/crypto-nonce-ollama-smoke-excluded-v0.4.0/smoke-run-0002.receipt.json,edac36e4a6b8500c4f21198dc15f39d1adb2af529b8adf2b628fd33d345c7288
experiments/runs/crypto-weak-randomness-ollama-smoke-excluded-v0.4.0/smoke-run-0001.jsonl,04099126f1abe2835f11402a41c01b243e8e67facc08b0b0f35f6021d89fcd8e
experiments/runs/crypto-weak-randomness-ollama-smoke-excluded-v0.4.0/smoke-run-0001.receipt.json,a1538be81f59b8648a47ece9693e29ddc381b443e6e9ce45cf143b00c98fd415
experiments/runs/e2e-local-finite-state-v0.1.2/fixture-run-0001.jsonl,7de80aa43ed0feefb2ab88f67ec7d634dd4688b583b8fd39db19109b9e310c8b
experiments/runs/e2e-local-finite-state-v0.1.2/fixture-run-0001.receipt.json,011e720b0ca0788de704e1429ec376022f450ea081f9e6d0f7ccef93ce8aebca
experiments/runs/executable-smoke-v0-5-0/smoke-run-0001.jsonl,2b98430d68b54fa0908a1d5144107ce0994806ff9abc88b9a397f843025bc57a
experiments/runs/executable-smoke-v0-5-0/smoke-run-0001.receipt.json,0461b3ea66b9956da8105ee8fb61641d863ff6602e158af0a02ca92b8cff76c8
experiments/runs/executable-smoke-v0-5-0/smoke-run-0002.jsonl,a74f289f7cdb8d90cc54f604788e0b15b37bf152c5beab65b74d89354d68709d
experiments/runs/executable-smoke-v0-5-0/smoke-run-0002.receipt.json,f7623065f01be00d1cf9880534e1b7d95aa713b77ecac2a7735672b45e755abf
experiments/runs/executable-smoke-v0-5-0-085636908dd2/smoke-run-0001.jsonl,fc24a9e85f7d03f9025ecd1c376509733727e058fd096edffa646990a60afe8f
experiments/runs/executable-smoke-v0-5-0-085636908dd2/smoke-run-0001.receipt.json,fd64585b9dc183e24613aeea09d9cc32fb6eb542b19427093e52b16a3dcc9c49
experiments/runs/executable-smoke-v0-5-0-98a4dcf41467/smoke-run-0001.jsonl,5a5a8ada40b581f1ab652116409dc726ae421b347513d67b7671d583d4753a7b
experiments/runs/executable-smoke-v0-5-0-98a4dcf41467/smoke-run-0001.receipt.json,55836043147b807a488d14a92a3596f4fc967808786a2a1af1eda198137891b4
experiments/runs/executable-smoke-v0-5-0-c9df9fc77bcc/smoke-run-0001.jsonl,895675b503cc6ff81cc81205d82abdfb3cc334cf5e6c761477fc019ecd0f0af9
experiments/runs/executable-smoke-v0-5-0-c9df9fc77bcc/smoke-run-0001.receipt.json,5c8be91b84eaff70b74bbb689d6b1b36f930590c49a61e57de6bbbca1d1b6743
experiments/runs/rag-factorial-pilot-0-5-0/rag-factorial-pilot-0-5-0-slot-000001.jsonl,ae099a7ded7cc0af9b6894d1c0d6236baed573a200d2dafe17d7e5d6b8705029
experiments/runs/rag-factorial-pilot-0-5-0/rag-factorial-pilot-0-5-0-slot-000001.receipt.json,5fe223a421198c33b7da8c0b6525e78ac3c5fed5af72c682c4efef9033303f7a
experiments/runs/rag-factorial-pilot-0-5-0/rag-factorial-pilot-0-5-0-slot-000002.jsonl,403643249f4987b3381483ad1ac4e1dab90615020aff79314f4fd0c83e79e635
experiments/runs/rag-factorial-pilot-0-5-0/rag-factorial-pilot-0-5-0-slot-000002.receipt.json,c5a5c1ccbd9865f1baa46d433f5263fc00c8d5e5a5fa50958ea20074a11692ab
experiments/runs/rag-factorial-pilot-0-5-0/rag-factorial-pilot-0-5-0-slot-000003.jsonl,8a9953891c85fad4050adb1ab67bc86b08fe9c0345f7b9cf3a9cbf285490e378
experiments/runs/rag-factorial-pilot-0-5-0/rag-factorial-pilot-0-5-0-slot-000003.receipt.json,d10faa0349d35aba8cc75b4dc5693e74ad1be42afd593bb12885a66a3fd7fc44
experiments/runs/rag-overnight-v1-pilot-0-5-0/rag-overnight-v1-pilot-0-5-0-slot-000001.jsonl,b77ac11dfc76189479d5862288b5858ec755558f255d5a88adb74459cecb3bcc
experiments/runs/rag-overnight-v1-pilot-0-5-0/rag-overnight-v1-pilot-0-5-0-slot-000001.receipt.json,f9877595a9cf9ea0351fde54b681226062b7d1ae2e18b709d3bb41f0fa8d6e5b
experiments/runs/rag-overnight-v1-pilot-0-5-0/rag-overnight-v1-pilot-0-5-0-slot-000002.jsonl,b0df3cb7d60823db8316b2d90b3457ccc51738a10a43a9c8ae5efdcb2cf90b4c
experiments/runs/rag-overnight-v1-pilot-0-5-0/rag-overnight-v1-pilot-0-5-0-slot-000002.receipt.json,be825de91dfaf78817e7e1740bbe490834d4268a91230da73cf15c0bab997e5b
experiments/runs/rag-overnight-v1-pilot-0-5-0/rag-overnight-v1-pilot-0-5-0-slot-000003.jsonl,c0005313694939eeebdeae33407a96b6625ea097a54a11bf90a664cd9223c7f4
experiments/runs/rag-overnight-v1-pilot-0-5-0/rag-overnight-v1-pilot-0-5-0-slot-000003.receipt.json,f94a709f1bff08eb4df28c1ad41409dffbd468ce716f1099835035ddb04147a5
experiments/runs/rag-overnight-v1-pilot-0-5-0/rag-overnight-v1-pilot-0-5-0-slot-000004.jsonl,dace4a13a464598cebbedf1029ac6b653a13a17dcfee45366164383a821cc4cd
experiments/runs/rag-overnight-v1-pilot-0-5-0/rag-overnight-v1-pilot-0-5-0-slot-000004.receipt.json,85d6e29d398dd6f68e88c33ef9a5ff70cb76aa1ca991d9d4603aebfdfec75f96
experiments/runs/rag-overnight-v1-pilot-0-5-0/rag-overnight-v1-pilot-0-5-0-slot-000005.jsonl,3607d219a4600be0f9d2518113462e246754ced5e9920b81d486a656a2c8f0eb
experiments/runs/rag-overnight-v1-pilot-0-5-0/rag-overnight-v1-pilot-0-5-0-slot-000005.receipt.json,c671143360b6e6578f7b5236a8136206953220f5577a3be9bd720655608b318e
experiments/runs/rag-overnight-v1-pilot-0-5-0/rag-overnight-v1-pilot-0-5-0-slot-000006.jsonl,8b97ea2f2aa469876e4ea041d1dbf91da3d390dbd3ebbaaab2984dad08436358
experiments/runs/rag-overnight-v1-pilot-0-5-0/rag-overnight-v1-pilot-0-5-0-slot-000006.receipt.json,e012e767c77c7ec500d795f65d9ed2f22707b3148efbb1742ea676c0730dc727
experiments/runs/rag-overnight-v1-pilot-0-5-0/rag-overnight-v1-pilot-0-5-0-slot-000007.jsonl,b94fb495509284cd097abd83dd8fba3e0e7a55a25c8cd93c5c6c2eae72b8ee85
experiments/runs/rag-overnight-v1-pilot-0-5-0/rag-overnight-v1-pilot-0-5-0-slot-000007.receipt.json,82049afd064709971a4d03996fc9adf15f5725650965473b3cdc5ddd313c48f5
experiments/runs/rag-overnight-v1-pilot-0-5-0/rag-overnight-v1-pilot-0-5-0-slot-000008.jsonl,7be468d453cae05f8040723676394fbc02e4375c7aa2f7d3359230024072b885
experiments/runs/rag-overnight-v1-pilot-0-5-0/rag-overnight-v1-pilot-0-5-0-slot-000008.receipt.json,615ba331e4752ff95de745c506a8844a1adae25d6da0b27b8fe4331a4f6f9845
experiments/runs/rag-overnight-v2-main-0-5-0/rag-overnight-v2-main-0-5-0-slot-000001.jsonl,329f5d5bcdd90ac5ac019a939a5cd325c1468a0d9d0e629436fcda766841cc61
experiments/runs/rag-overnight-v2-main-0-5-0/rag-overnight-v2-main-0-5-0-slot-000001.receipt.json,2ac70c7ab7e62ec93abfd557b904823cc8765534138b943518f1c443851a9ea7
experiments/runs/rag-overnight-v2-main-0-5-0/rag-overnight-v2-main-0-5-0-slot-000002.jsonl,2396c2bf155ed6d2fc94007cf1a4f2d18c651f0ec83f1c882e16cc9ef89e2faf
experiments/runs/rag-overnight-v2-main-0-5-0/rag-overnight-v2-main-0-5-0-slot-000002.receipt.json,f2f14d94125f433a1d63da9dc0ff0fa5cabd04174cf3d0fbfee6ba0cda0a63b0
experiments/runs/rag-overnight-v2-main-0-5-0/rag-overnight-v2-main-0-5-0-slot-000003.jsonl,08a9e35924db192014c5948e9c23f14ec35dbf09348d8894c309e6965b62d86d
experiments/runs/rag-overnight-v2-main-0-5-0/rag-overnight-v2-main-0-5-0-slot-000003.receipt.json,816bf340cb52e580e97c8d119fb949f054b6ad76f82a1f73e44b6b22574d39fa
experiments/runs/rag-overnight-v2-main-0-5-0/rag-overnight-v2-main-0-5-0-slot-000004.jsonl,5944163b8d6985438b1b4cbba851e874688fd978f40e78ef4a6970ebd6be3d3b
experiments/runs/rag-overnight-v2-main-0-5-0/rag-overnight-v2-main-0-5-0-slot-000004.receipt.json,e658ab6e858e78abde8fa97a24309c45ea9eba80af7a13bdbf136a9dc97709a1
experiments/runs/rag-overnight-v2-main-0-5-0/rag-overnight-v2-main-0-5-0-slot-000005.jsonl,5ab96aacdb2384804cba0a69041bbaee5a49c015d92a1f7922f08289e0696bd5
experiments/runs/rag-overnight-v2-main-0-5-0/rag-overnight-v2-main-0-5-0-slot-000005.receipt.json,b72bdd84c1cbd47526df9d8f13db223e1931c35630c20b54804e12c09b35ae04
experiments/runs/rag-overnight-v2-main-0-5-0/rag-overnight-v2-main-0-5-0-slot-000006.jsonl,9087095041e37f80033d3456100ee7e40b0f37b23abccd2235b80780f1880f59
experiments/runs/rag-overnight-v2-main-0-5-0/rag-overnight-v2-main-0-5-0-slot-000006.receipt.json,eeaff7c4572ca4eac1675a28aa780d8cc25509628edfc9b9b42db1458bac32ca
experiments/runs/rag-overnight-v2-main-0-5-0/rag-overnight-v2-main-0-5-0-slot-000007.jsonl,03975d2962f9ddd717de70be640e884b8aac84dfb3e83aa77720f70c2e942a28
experiments/runs/rag-overnight-v2-main-0-5-0/rag-overnight-v2-main-0-5-0-slot-000007.receipt.json,7d733f3c3082ce8ecb3d9ee261b3d4267f7546e660ca08644c9b16257c1f3de6
experiments/runs/rag-overnight-v2-main-0-5-0/rag-overnight-v2-main-0-5-0-slot-000008.jsonl,b9e27793d48dcf91bbc3e65a074ffb5ea431c48d7760cfb1e76b8ea2e94172fa
experiments/runs/rag-overnight-v2-main-0-5-0/rag-overnight-v2-main-0-5-0-slot-000008.receipt.json,f776ceeed78ac5daadf472d70a8820157e03dd9ae6757f386b3c67ce317a95e8
experiments/runs/rag-overnight-v2-main-0-5-0/rag-overnight-v2-main-0-5-0-slot-000009.jsonl,37e8a2ba7590a45cdc4aaeb3a7d9f22d232e0993ed8d4d2dc13349ad76feb088
experiments/runs/rag-overnight-v2-main-0-5-0/rag-overnight-v2-main-0-5-0-slot-000009.receipt.json,8cad1102d9b5a5f6a1a8212bad973a2c6ebca4591a047f27bfe6717746eb0a4a
experiments/runs/rag-overnight-v2-main-0-5-0/rag-overnight-v2-main-0-5-0-slot-000010.jsonl,aca14cf156c97dd65bdc65fecb945e81971fa3e201227cf827da07a8280758f0
experiments/runs/rag-overnight-v2-main-0-5-0/rag-overnight-v2-main-0-5-0-slot-000010.receipt.json,64f8fdd67f2ea2760d1a0da997e7b43b9b25d3faa29e566d9efa3588ce00f55b
experiments/runs/rag-overnight-v2-main-0-5-0/rag-overnight-v2-main-0-5-0-slot-000011.jsonl,7af465a5102172627f97cc5996cda7b3de8402fdf8e073605a20fd11c67e998a
experiments/runs/rag-overnight-v2-main-0-5-0/rag-overnight-v2-main-0-5-0-slot-000011.receipt.json,5502849d534c36d0abcf01830a1cff81437a1d37d20550fc6deaa3225b524457
experiments/runs/rag-overnight-v2-main-0-5-0/rag-overnight-v2-main-0-5-0-slot-000012.jsonl,b99b98a3f12a7b425ee949040dd4857b24c2f69eb22787679d541ce0956264ed
experiments/runs/rag-overnight-v2-main-0-5-0/rag-overnight-v2-main-0-5-0-slot-000012.receipt.json,d39762bb6820a9652857f515327d1bb6c4e0611d8a26c06157c28ab8b5f02abb
experiments/runs/rag-overnight-v2-main-0-5-0/rag-overnight-v2-main-0-5-0-slot-000013.jsonl,0cc72dd4fb78afcc377fe313b91f1fb7f0f309268c9603096303a3ee697cd200
experiments/runs/rag-overnight-v2-main-0-5-0/rag-overnight-v2-main-0-5-0-slot-000013.receipt.json,9f8ec9ef338d6a5a165ea662c59531e476a6feddbe243c1a5d536d5c49db7cc6
experiments/runs/rag-overnight-v2-main-0-5-0/rag-overnight-v2-main-0-5-0-slot-000014.jsonl,e38bda89ba317adb69d41761ce4ed8e6c9341bc59e439717fe17f0ac8cb1a4d9
experiments/runs/rag-overnight-v2-main-0-5-0/rag-overnight-v2-main-0-5-0-slot-000014.receipt.json,56130a1a7817002828fd556a97da3cf77a50f7070335e0435aaf5237f86ab796
experiments/runs/rag-overnight-v2-main-0-5-0/rag-overnight-v2-main-0-5-0-slot-000015.jsonl,a9f4cb942c42357c4e34b9a1a6d54da92a331b791be62d7a65d0fadbe7f194ca
experiments/runs/rag-overnight-v2-main-0-5-0/rag-overnight-v2-main-0-5-0-slot-000015.receipt.json,656c792db64eb96a40f1f33618ba441a7ecb0ec9c12352f360c6653e52f577c3
experiments/runs/rag-overnight-v2-main-0-5-0/rag-overnight-v2-main-0-5-0-slot-000016.jsonl,f5f73fec72ab4f10f0a151991f262203ea56f83239a8c003ca2fb20c86e5a2b0
experiments/runs/rag-overnight-v2-main-0-5-0/rag-overnight-v2-main-0-5-0-slot-000016.receipt.json,fd2a5835046fca52c4ed28235be1f6dccb7c7a85fc90db1b6c9e414c93ff7aae
experiments/runs/rag-overnight-v2-main-0-5-0/rag-overnight-v2-main-0-5-0-slot-000017.jsonl,ee943fb1b4c8d8afdf4e1ad94196d23714212ad61d58eca6ff0404b404a6d539
experiments/runs/rag-overnight-v2-main-0-5-0/rag-overnight-v2-main-0-5-0-slot-000017.receipt.json,30003bb52fccb8651578c850d446de18538a7c4531eb4d68d281fba9103cc132
experiments/runs/rag-overnight-v2-main-0-5-0/rag-overnight-v2-main-0-5-0-slot-000018.jsonl,1e584dfced54b4e0f6966b9238f9ee8a0f14969ec91d8dd8f9b1be022c9207cb
experiments/runs/rag-overnight-v2-main-0-5-0/rag-overnight-v2-main-0-5-0-slot-000018.receipt.json,1396c918b68bb2e2d48a9b7d0f60b377133b45b58e832c723e022b04acdbbaf4
experiments/runs/rag-overnight-v2-main-0-5-0/rag-overnight-v2-main-0-5-0-slot-000019.jsonl,7032a0e1a93a965802326a664ca35b50113ea6d071cb964db6698e7fcc01d8e2
experiments/runs/rag-overnight-v2-main-0-5-0/rag-overnight-v2-main-0-5-0-slot-000019.receipt.json,3134dd3cbb72c66e9ff61b2cbae0a78a8e3f9cdbbb7ed3b6dca7f6849f5e9dac
experiments/runs/rag-overnight-v2-main-0-5-0/rag-overnight-v2-main-0-5-0-slot-000020.jsonl,c6649f107843be5364640e20814d8bb6772ac3aab4eb8f206cf1e21308df8539
experiments/runs/rag-overnight-v2-main-0-5-0/rag-overnight-v2-main-0-5-0-slot-000020.receipt.json,c868255a1c074596e3140dd883b6a751fbeaa7c21c1b5d06050cca51c1b5fd0f
experiments/runs/rag-overnight-v2-main-0-5-0/rag-overnight-v2-main-0-5-0-slot-000021.jsonl,88d26fca5ab1267c481de463c86ee8367de06487049487680deda2b9138ea271
experiments/runs/rag-overnight-v2-main-0-5-0/rag-overnight-v2-main-0-5-0-slot-000021.receipt.json,0e909546a7b727a88046b81d2d821da0ea9571373b391b5566e7eb940d428a17
experiments/runs/rag-overnight-v2-main-0-5-0/rag-overnight-v2-main-0-5-0-slot-000022.jsonl,093adc1be31fe8d780479d30b492691b4cf247b7e26ad54b71b09551f6ba541b
experiments/runs/rag-overnight-v2-main-0-5-0/rag-overnight-v2-main-0-5-0-slot-000022.receipt.json,bcee887e6666bbc245e060ec28256bcd522c22cbed95ec2a1238de33316a9e87
experiments/runs/rag-overnight-v2-main-0-5-0/rag-overnight-v2-main-0-5-0-slot-000023.jsonl,1ceab3b55786f4ed92f28c488fab0d2c53375699e4fb954b3fbd681dcb41bd7c
experiments/runs/rag-overnight-v2-main-0-5-0/rag-overnight-v2-main-0-5-0-slot-000023.receipt.json,b107b15dd5ce80b7486cd1a9a079dd801530b4e07bdcde437b85d63d965d73c2
experiments/runs/rag-overnight-v2-main-0-5-0/rag-overnight-v2-main-0-5-0-slot-000024.jsonl,e0f70ed6cd5cbf346f80666ee0349296380fe50c035fc6c04f0028f485204c76
experiments/runs/rag-overnight-v2-main-0-5-0/rag-overnight-v2-main-0-5-0-slot-000024.receipt.json,c7872d2db67adb10117c7a6eb55b383bd431bdf973a1a2af564b3b0d638fe48b
experiments/runs/rag-overnight-v2-main-0-5-0/rag-overnight-v2-main-0-5-0-slot-000025.jsonl,c286d9a0059c4ba0ad27504c792e393bfadceb4c0486885e3262cbf3f5df6499
experiments/runs/rag-overnight-v2-main-0-5-0/rag-overnight-v2-main-0-5-0-slot-000025.receipt.json,180b90ba37736ea980e692ad43e174679ce16252c22a59ecf70e0a953f10b672
experiments/runs/rag-overnight-v2-main-0-5-0/rag-overnight-v2-main-0-5-0-slot-000026.jsonl,2232e945f463f1dd6b0254901629cb77eb2178470cc05d5155e09491dfac4414
experiments/runs/rag-overnight-v2-main-0-5-0/rag-overnight-v2-main-0-5-0-slot-000026.receipt.json,8751ff98dfe57e4cf39fe37d0f0505580f16579de3fd2835c0ae759c478de8d6
experiments/runs/rag-overnight-v2-main-0-5-0/rag-overnight-v2-main-0-5-0-slot-000027.jsonl,d4a4289c66de5f57707154206ab05271fb0131a2ecda693f411019c1a89041db
experiments/runs/rag-overnight-v2-main-0-5-0/rag-overnight-v2-main-0-5-0-slot-000027.receipt.json,68cb45027030f846871c74b408e7c482c47d4b8d9328a3925db8a95c41ef0528
experiments/runs/rag-overnight-v2-main-0-5-0/rag-overnight-v2-main-0-5-0-slot-000028.jsonl,fb06a4766d4772879af665522f463cbf976cc71c08ff17763b1ffb431ff9edb4
experiments/runs/rag-overnight-v2-main-0-5-0/rag-overnight-v2-main-0-5-0-slot-000028.receipt.json,3469cfcd8436245615b86a6d50aa7038414efc194ddc1427a973c3eb00be8a59
experiments/runs/rag-overnight-v2-main-0-5-0/rag-overnight-v2-main-0-5-0-slot-000029.jsonl,e63a4f1211625e6bc50c4b6a3b83566878f58932d6ad629e24d6eb9e2f9ae884
experiments/runs/rag-overnight-v2-main-0-5-0/rag-overnight-v2-main-0-5-0-slot-000029.receipt.json,68b257a2383887b22e5e7c00d31df9a72acf71124a3fc8a7cede85ce9c993527
experiments/runs/rag-overnight-v2-main-0-5-0/rag-overnight-v2-main-0-5-0-slot-000030.jsonl,38fe4df557b4d57132052a7d8c4ab1a7ca4a546c63cbd915c4043e874d2db535
experiments/runs/rag-overnight-v2-main-0-5-0/rag-overnight-v2-main-0-5-0-slot-000030.receipt.json,a00dba3147c185b1a06232ab9ed68bda34c312355ab10980024045c3619edb4e
experiments/runs/rag-overnight-v2-main-0-5-0/rag-overnight-v2-main-0-5-0-slot-000031.jsonl,1562becb7d4155b72b7baa6deed7d6ac635f21e5c5b72418b8b95d070b3d5a1f
experiments/runs/rag-overnight-v2-main-0-5-0/rag-overnight-v2-main-0-5-0-slot-000031.receipt.json,042ec4512a798ca0122117f88d576e42c37e09b77441604b9703393233a74a29
experiments/runs/rag-overnight-v2-main-0-5-0/rag-overnight-v2-main-0-5-0-slot-000032.jsonl,df0860219dca973f65759bde530d4fcade1e50155dd1fb08644d4538c81598e0
experiments/runs/rag-overnight-v2-main-0-5-0/rag-overnight-v2-main-0-5-0-slot-000032.receipt.json,147b9cd5d45fefd3bff65c0bd92a7b804ba658129655cc56e9c8d2e735c8b048
experiments/runs/rag-overnight-v2-main-0-5-0/rag-overnight-v2-main-0-5-0-slot-000033.jsonl,dbd48e0a1c510b6e261108ca1e0729ae34e4036c7ed89f0873603e8e0c3914a3
experiments/runs/rag-overnight-v2-main-0-5-0/rag-overnight-v2-main-0-5-0-slot-000033.receipt.json,e79518fdb00a1ea6a4154dfee2edf7e8b733ec08dafefbfa4e3cfb1b90cf231e
experiments/runs/rag-overnight-v2-main-0-5-0/rag-overnight-v2-main-0-5-0-slot-000034.jsonl,29fe687887f3280f873e1c1b8f392346df05fbb026d1627c01a2051735e47681
experiments/runs/rag-overnight-v2-main-0-5-0/rag-overnight-v2-main-0-5-0-slot-000034.receipt.json,a0be36fb960ed13bceda2ccb5a25a0ef00d818ba8fece2deea5fec49cdcc6f74
experiments/runs/rag-overnight-v2-main-0-5-0/rag-overnight-v2-main-0-5-0-slot-000035.jsonl,b675062d5e0b3d0e06a51f1827193806a4d6e5c0bde371013978a76060be1e50
experiments/runs/rag-overnight-v2-main-0-5-0/rag-overnight-v2-main-0-5-0-slot-000035.receipt.json,4858d47feabb5e78dae2e9b13bc29ee76b690f435b20f78fa9d04fa9cd9e1706
experiments/runs/rag-overnight-v2-main-0-5-0/rag-overnight-v2-main-0-5-0-slot-000036.jsonl,956557a14b7daa33f92d4c4d25e0cd25f29fdac8e69ed345ba9752e6df6bfe3b
experiments/runs/rag-overnight-v2-main-0-5-0/rag-overnight-v2-main-0-5-0-slot-000036.receipt.json,f59e3d158f0cf290027c913abb49adae1af3a170f62bbd0bc69cdf6fe9fa30fc
experiments/runs/rag-overnight-v2-main-0-5-0/rag-overnight-v2-main-0-5-0-slot-000037.jsonl,4a811d0e29f44a980e4248ffc4eae0ab87c4a039eeb47eebeac44300c3078b47
experiments/runs/rag-overnight-v2-main-0-5-0/rag-overnight-v2-main-0-5-0-slot-000037.receipt.json,b12db6ce3a405c47ce44e72cd5d0c6dafd612ee8c25c8bc71d3387463e82a1ca
experiments/runs/rag-overnight-v2-main-0-5-0/rag-overnight-v2-main-0-5-0-slot-000038.jsonl,14f59ea489ede2c54b72efcd0396bedf009bf356d3f7578a368c6b018c2d4b34
experiments/runs/rag-overnight-v2-main-0-5-0/rag-overnight-v2-main-0-5-0-slot-000038.receipt.json,b2dbc157cf474210e70e2faba462fa993a368efff3a27383f85c9365c2c9c245
experiments/runs/rag-overnight-v2-main-0-5-0/rag-overnight-v2-main-0-5-0-slot-000039.jsonl,55e9f13d1081cf9d59145cf5a4e22e3745999435a15a07ca0b7534f8da0e380c
experiments/runs/rag-overnight-v2-main-0-5-0/rag-overnight-v2-main-0-5-0-slot-000039.receipt.json,f08b29f0ed76157ff9f5cf4a4850b4b0bd0b88d5c939b9b25d798bf42cc3dd69
experiments/runs/rag-overnight-v2-main-0-5-0/rag-overnight-v2-main-0-5-0-slot-000040.jsonl,dae1543ef0b338dc4008e2c9dc77a99cf895123f072fd5b73e94d86d0e7ec79c
experiments/runs/rag-overnight-v2-main-0-5-0/rag-overnight-v2-main-0-5-0-slot-000040.receipt.json,6149693508cdcb9e7dd44ec4334e37753fb15f6baefd07bf84587aadbce39c99
experiments/runs/rag-overnight-v2-pilot-0-5-0/rag-overnight-v2-pilot-0-5-0-slot-000001.jsonl,921c8e443462c6b05d3774475a161efc784c078e308e3f7cf627bc87d1fa7c15
experiments/runs/rag-overnight-v2-pilot-0-5-0/rag-overnight-v2-pilot-0-5-0-slot-000001.receipt.json,f2e646fb43def469b2f4248294d05ca8cd6b8138f824e311e0e9ae20d03d22df
experiments/runs/rag-overnight-v2-pilot-0-5-0/rag-overnight-v2-pilot-0-5-0-slot-000002.jsonl,e515ad76902c517d6de6ffbe66909feaaf2e03540fd361f1296b0fd1e30a6e45
experiments/runs/rag-overnight-v2-pilot-0-5-0/rag-overnight-v2-pilot-0-5-0-slot-000002.receipt.json,dde6e3add99dc974180ca7300a8fc9bcca65bf7bb2c31938be97a10ee1518868
experiments/runs/rag-overnight-v2-pilot-0-5-0/rag-overnight-v2-pilot-0-5-0-slot-000003.jsonl,c8d468fc19753d4283bbc0d8459300c421e980ccf2e43ab23036bd4c7d7a99fc
experiments/runs/rag-overnight-v2-pilot-0-5-0/rag-overnight-v2-pilot-0-5-0-slot-000003.receipt.json,a1c7bfd72870f3d31c99c34328c27414bf9435e68c8b7557f0fcbfd92c9b797d
experiments/runs/rag-overnight-v2-pilot-0-5-0/rag-overnight-v2-pilot-0-5-0-slot-000004.jsonl,3d7193cece4a0dcd5c764b008887071558f76bcb37a960b3ebe5b18560e13889
experiments/runs/rag-overnight-v2-pilot-0-5-0/rag-overnight-v2-pilot-0-5-0-slot-000004.receipt.json,cb08d3bd3cbe69c5eeb872e2154aadfee63dc8071cc51a8f3b308ba8d3bc68e6
experiments/runs/rag-overnight-v2-pilot-0-5-0/rag-overnight-v2-pilot-0-5-0-slot-000005.jsonl,9847b61dfa7349d1b6d9c9c18f20687527335e387fc94cc4e7b28d8fc58f8979
experiments/runs/rag-overnight-v2-pilot-0-5-0/rag-overnight-v2-pilot-0-5-0-slot-000005.receipt.json,af58bcd728f95054da72bdef6b39273998b291623e10835fbfdad2cdbc51e162
experiments/runs/rag-overnight-v2-pilot-0-5-0/rag-overnight-v2-pilot-0-5-0-slot-000006.jsonl,15178d28ef5ec1a155b333742eb01e92cfae58575840c8106fe5256e8a7822e4
experiments/runs/rag-overnight-v2-pilot-0-5-0/rag-overnight-v2-pilot-0-5-0-slot-000006.receipt.json,0d54b82cbc81a2b91efa7248f936e2057c43fc93748edafc052f7f1e8b9985ac
experiments/runs/rag-overnight-v2-pilot-0-5-0/rag-overnight-v2-pilot-0-5-0-slot-000007.jsonl,01203fc72f58d43cb2855b291986712907034e39725db5a2774d5c4c2ab8c930
experiments/runs/rag-overnight-v2-pilot-0-5-0/rag-overnight-v2-pilot-0-5-0-slot-000007.receipt.json,a1a30102e9ac569405b7241776711eddcba2e997d5d15b5e3d3366fecb2bdb63
experiments/runs/rag-overnight-v2-pilot-0-5-0/rag-overnight-v2-pilot-0-5-0-slot-000008.jsonl,61f0964e5ddf717d1824eb77c7e183bed165ae5a5a0abbf15bc0c6909a408a89
experiments/runs/rag-overnight-v2-pilot-0-5-0/rag-overnight-v2-pilot-0-5-0-slot-000008.receipt.json,a8faf61064705b03dd31ac655cf9ad511c1cce49a97f7a6b1f0c1e1632ce2cb1
experiments/runs/web-xss-ollama-smoke-excluded-v0.4.0/docker-smoke-web-xss-0001.jsonl,89e7e56c8256a4441a42c79d7bb563f299d481532f4330329edf4262e162939c
experiments/runs/web-xss-ollama-smoke-excluded-v0.4.0/docker-smoke-web-xss-0001.receipt.json,3b3f791652348cf59772d343f7ca2e125ab704232dfcbac0d6517a9e764b9f44
experiments/runs/web-xss-ollama-smoke-excluded-v0.4.0/readiness-check-20260930T1647Z.jsonl,55602e3b03d5a1bdf048651d5124e15843f36df6e551b549cf364d5aa63bd6da
experiments/runs/web-xss-ollama-smoke-excluded-v0.4.0/readiness-check-20260930T1647Z.receipt.json,7407e31318bf0efcc761126d4081608347c5096b3582c752c529398da08a99da
experiments/runs/web-xss-ollama-smoke-excluded-v0.4.0/smoke-run-0001.jsonl,c0e8ff08b5f422f19f63aee283c6757b15002a60d59a866ef41ca55e281b7d4c
experiments/runs/web-xss-ollama-smoke-excluded-v0.4.0/smoke-run-0001.receipt.json,80e431428a69b821865a15cc06e10c5990c01a63ee6da5c96b95a7ce3e40a171
experiments/schedules/rag-overnight-v2-main-0-5-0.json,78fb9732520fd9b1eb37ba956e40386986c84d0e0fc8aaa31666136b35c6feb4
experiments/schedules/rag-overnight-v2-pilot-0-5-0.json,41002d1205865cf52d1f62c686f7f99285ceffc5ca0ddf7f53e15c0e36cd7357
experiments/strategy_coding.py,489340d74fb284685ca71a845858247f88a273fad7f0e80b9355e94af24b4404
sandbox/docker_candidate.py,a931ab5e47fc393fc287254516ee3dcac2a62cf6abea8c12355b2357610338b6
sandbox/images/approved_images.json,536c32f477e5cd20858fa4deede042c01b2bae79bae7b62497e0702b217f40fe
sandbox/images/candidate_runtime.py,23ef4ca70fd72c7464281358ac771f1117a08794a80844bf2b7e0b3a013281f0
sandbox/policy.py,169b73e1347179697ab5329294d32fe49ce528d5558c8d22ab17f1dceda00dd1
web_target/templates/sqli/secure_reference.py,2b18c69b0983edbd9058e2738e1773aeb9c5b243bf9e919bf29033ab8b5a8946
web_target/templates/sqli/vulnerable.py,1961a4e84a8299850b12b367bf0cc904d7513b6e0e96934ea085b16cdda9b537
web_target/templates/xss/secure_reference.py,559ba7e353b4c67c44f4f2437610678fb9ed408b8aa275392064a7881da9bc0e
web_target/templates/xss/vulnerable.py,fc1bdf038dc696fbceec3747701df26c85c1e1a492780cfc028654fe8a93feef
