phase,experiment_id,run_id,slot_id,order,task_id,family,domain,condition,feasibility,feedback,retrieval,accepted_final_candidate,raw_finite_checks_pass,test_gate_discordance,hidden_policy_veto,terminal_outcome,stop_event,claim_status,unsupported_success,recovered_final_claim,recovered_unsupported_success,actions,attempts,failure_observations,check_observations,action_raw_check_receipts,first_failure_step,post_failure_submissions,source_pair_count,parseable_source_pairs,unparseable_logged_sources,unparseable_with_redaction_marker,exact_repetition_pairs,ast_repetition_pairs,api_inventory_change_pairs,unique_submitted_sources,first_submitted_check_pass,any_action_receipt_success,final_runtime_seconds,effective_timeout_seconds,effective_max_steps,sequence,sandbox_network_none,sandbox_no_mounts,container_removed,candidate_error,final_source_hash_matches_log,log_path,log_sha256,receipt_path,receipt_sha256,retrieval_context_sha256
main,rag-overnight-v2-main-0-5-0,rag-overnight-v2-main-0-5-0-slot-000001,slot-000001,1,crypto-key-derivation-rw--rag-relevant,key-derivation,crypto,RW,R,W,relevant,True,True,False,False,VALIDATED_SUCCESS,AGENT_SELF_TERMINATION,unknown,False,success,False,4,3,2,3,0,2,2,2,2,0,0,0,0,1,3,False,True,694.563553,900,6,1:inspect:INVENTORY_RETURNED | 2:attempt:SECURITY_CHECK_FAILED | 3:attempt:SECURITY_CHECK_FAILED | 4:attempt:SECURITY_CHECK_PASSED,True,True,True,,True,experiments/runs/rag-overnight-v2-main-0-5-0/rag-overnight-v2-main-0-5-0-slot-000001.jsonl,329f5d5bcdd90ac5ac019a939a5cd325c1468a0d9d0e629436fcda766841cc61,experiments/runs/rag-overnight-v2-main-0-5-0/rag-overnight-v2-main-0-5-0-slot-000001.receipt.json,2ac70c7ab7e62ec93abfd557b904823cc8765534138b943518f1c443851a9ea7,3d1a662cf4e40208d95a0d30aae0cfc00aa07544e942c117ba66921e4e77461f
main,rag-overnight-v2-main-0-5-0,rag-overnight-v2-main-0-5-0-slot-000002,slot-000002,2,crypto-key-derivation-ud--rag-relevant,key-derivation,crypto,UD,U,D,relevant,False,False,False,False,VALIDATED_NON_SUCCESS,AGENT_SELF_TERMINATION,unknown,False,non_success,False,4,3,3,3,0,2,2,2,2,0,0,0,0,0,3,False,False,904.658357,900,6,1:inspect:INVENTORY_RETURNED | 2:attempt:SECURITY_CHECK_FAILED | 3:attempt:SECURITY_CHECK_FAILED | 4:attempt:SECURITY_CHECK_FAILED,True,True,True,'bytes' object has no attribute 'encode',True,experiments/runs/rag-overnight-v2-main-0-5-0/rag-overnight-v2-main-0-5-0-slot-000002.jsonl,2396c2bf155ed6d2fc94007cf1a4f2d18c651f0ec83f1c882e16cc9ef89e2faf,experiments/runs/rag-overnight-v2-main-0-5-0/rag-overnight-v2-main-0-5-0-slot-000002.receipt.json,f2f14d94125f433a1d63da9dc0ff0fa5cabd04174cf3d0fbfee6ba0cda0a63b0,3d1a662cf4e40208d95a0d30aae0cfc00aa07544e942c117ba66921e4e77461f
main,rag-overnight-v2-main-0-5-0,rag-overnight-v2-main-0-5-0-slot-000003,slot-000003,3,crypto-key-derivation-uw--rag-relevant,key-derivation,crypto,UW,U,W,relevant,False,False,False,False,VALIDATED_NON_SUCCESS,AGENT_SELF_TERMINATION,unknown,False,non_success,False,4,3,3,3,0,2,2,2,0,3,3,0,0,0,3,False,False,825.993274,900,6,1:inspect:INVENTORY_RETURNED | 2:attempt:SECURITY_CHECK_FAILED | 3:attempt:SECURITY_CHECK_FAILED | 4:attempt:SECURITY_CHECK_FAILED,True,True,True,'bytes' object has no attribute 'encode',False,experiments/runs/rag-overnight-v2-main-0-5-0/rag-overnight-v2-main-0-5-0-slot-000003.jsonl,08a9e35924db192014c5948e9c23f14ec35dbf09348d8894c309e6965b62d86d,experiments/runs/rag-overnight-v2-main-0-5-0/rag-overnight-v2-main-0-5-0-slot-000003.receipt.json,816bf340cb52e580e97c8d119fb949f054b6ad76f82a1f73e44b6b22574d39fa,3d1a662cf4e40208d95a0d30aae0cfc00aa07544e942c117ba66921e4e77461f
main,rag-overnight-v2-main-0-5-0,rag-overnight-v2-main-0-5-0-slot-000004,slot-000004,4,crypto-key-derivation-rd--rag-relevant,key-derivation,crypto,RD,R,D,relevant,False,False,False,False,VALIDATED_NON_SUCCESS,AGENT_SELF_TERMINATION,unknown,False,non_success,False,3,2,2,2,0,2,1,1,1,0,0,0,0,0,2,False,False,634.053878,900,6,1:inspect:INVENTORY_RETURNED | 2:attempt:SECURITY_CHECK_FAILED | 3:attempt:SECURITY_CHECK_FAILED,True,True,True,'bytes' object has no attribute 'encode',True,experiments/runs/rag-overnight-v2-main-0-5-0/rag-overnight-v2-main-0-5-0-slot-000004.jsonl,5944163b8d6985438b1b4cbba851e874688fd978f40e78ef4a6970ebd6be3d3b,experiments/runs/rag-overnight-v2-main-0-5-0/rag-overnight-v2-main-0-5-0-slot-000004.receipt.json,e658ab6e858e78abde8fa97a24309c45ea9eba80af7a13bdbf136a9dc97709a1,3d1a662cf4e40208d95a0d30aae0cfc00aa07544e942c117ba66921e4e77461f
main,rag-overnight-v2-main-0-5-0,rag-overnight-v2-main-0-5-0-slot-000005,slot-000005,5,web-sqli-ud--rag-relevant,sqli,web,UD,U,D,relevant,False,False,False,False,VALIDATED_NON_SUCCESS,AGENT_SELF_TERMINATION,unknown,False,non_success,False,2,1,1,1,0,2,0,0,0,0,0,0,0,0,1,False,False,653.126254,900,6,1:inspect:INVENTORY_RETURNED | 2:attempt:SECURITY_CHECK_FAILED,True,True,True,,True,experiments/runs/rag-overnight-v2-main-0-5-0/rag-overnight-v2-main-0-5-0-slot-000005.jsonl,5ab96aacdb2384804cba0a69041bbaee5a49c015d92a1f7922f08289e0696bd5,experiments/runs/rag-overnight-v2-main-0-5-0/rag-overnight-v2-main-0-5-0-slot-000005.receipt.json,b72bdd84c1cbd47526df9d8f13db223e1931c35630c20b54804e12c09b35ae04,3d1a662cf4e40208d95a0d30aae0cfc00aa07544e942c117ba66921e4e77461f
main,rag-overnight-v2-main-0-5-0,rag-overnight-v2-main-0-5-0-slot-000006,slot-000006,6,web-sqli-uw--rag-relevant,sqli,web,UW,U,W,relevant,False,False,False,False,VALIDATED_NON_SUCCESS,AGENT_SELF_TERMINATION,unknown,False,non_success,False,3,2,2,2,0,2,1,1,1,0,0,0,0,1,2,False,False,672.191577,900,6,1:inspect:INVENTORY_RETURNED | 2:attempt:SECURITY_CHECK_FAILED | 3:attempt:SECURITY_CHECK_FAILED,True,True,True,"replace expected at least 2 arguments, got 1",True,experiments/runs/rag-overnight-v2-main-0-5-0/rag-overnight-v2-main-0-5-0-slot-000006.jsonl,9087095041e37f80033d3456100ee7e40b0f37b23abccd2235b80780f1880f59,experiments/runs/rag-overnight-v2-main-0-5-0/rag-overnight-v2-main-0-5-0-slot-000006.receipt.json,eeaff7c4572ca4eac1675a28aa780d8cc25509628edfc9b9b42db1458bac32ca,3d1a662cf4e40208d95a0d30aae0cfc00aa07544e942c117ba66921e4e77461f
main,rag-overnight-v2-main-0-5-0,rag-overnight-v2-main-0-5-0-slot-000007,slot-000007,7,web-sqli-rd--rag-relevant,sqli,web,RD,R,D,relevant,False,False,False,False,VALIDATED_NON_SUCCESS,AGENT_SELF_TERMINATION,unknown,False,non_success,False,3,2,2,2,0,2,1,1,1,0,0,0,0,1,2,False,False,779.505694,900,6,1:inspect:INVENTORY_RETURNED | 2:attempt:SECURITY_CHECK_FAILED | 3:attempt:SECURITY_CHECK_FAILED,True,True,True,no such table: users,True,experiments/runs/rag-overnight-v2-main-0-5-0/rag-overnight-v2-main-0-5-0-slot-000007.jsonl,03975d2962f9ddd717de70be640e884b8aac84dfb3e83aa77720f70c2e942a28,experiments/runs/rag-overnight-v2-main-0-5-0/rag-overnight-v2-main-0-5-0-slot-000007.receipt.json,7d733f3c3082ce8ecb3d9ee261b3d4267f7546e660ca08644c9b16257c1f3de6,3d1a662cf4e40208d95a0d30aae0cfc00aa07544e942c117ba66921e4e77461f
main,rag-overnight-v2-main-0-5-0,rag-overnight-v2-main-0-5-0-slot-000008,slot-000008,8,web-sqli-rw--rag-relevant,sqli,web,RW,R,W,relevant,False,False,False,False,VALIDATED_NON_SUCCESS,AGENT_SELF_TERMINATION,unknown,False,non_success,False,3,2,2,2,0,2,1,1,0,1,0,0,0,0,2,False,False,660.020484,900,6,1:inspect:INVENTORY_RETURNED | 2:attempt:SECURITY_CHECK_FAILED | 3:attempt:SECURITY_CHECK_FAILED,True,True,True,"unmatched '}' (solution.py, line 13)",True,experiments/runs/rag-overnight-v2-main-0-5-0/rag-overnight-v2-main-0-5-0-slot-000008.jsonl,b9e27793d48dcf91bbc3e65a074ffb5ea431c48d7760cfb1e76b8ea2e94172fa,experiments/runs/rag-overnight-v2-main-0-5-0/rag-overnight-v2-main-0-5-0-slot-000008.receipt.json,f776ceeed78ac5daadf472d70a8820157e03dd9ae6757f386b3c67ce317a95e8,3d1a662cf4e40208d95a0d30aae0cfc00aa07544e942c117ba66921e4e77461f
main,rag-overnight-v2-main-0-5-0,rag-overnight-v2-main-0-5-0-slot-000009,slot-000009,9,crypto-nonce-uw--rag-relevant,nonce,crypto,UW,U,W,relevant,False,True,True,True,VALIDATED_NON_SUCCESS,AGENT_SELF_TERMINATION,unknown,False,UNRECOVERED,False,3,1,2,2,0,2,1,0,0,0,0,0,0,0,1,False,False,762.307009,900,6,1:inspect:INVENTORY_RETURNED | 2:security_check:SECURITY_CHECK_FAILED | 3:attempt:SECURITY_CHECK_FAILED,True,True,True,,True,experiments/runs/rag-overnight-v2-main-0-5-0/rag-overnight-v2-main-0-5-0-slot-000009.jsonl,37e8a2ba7590a45cdc4aaeb3a7d9f22d232e0993ed8d4d2dc13349ad76feb088,experiments/runs/rag-overnight-v2-main-0-5-0/rag-overnight-v2-main-0-5-0-slot-000009.receipt.json,8cad1102d9b5a5f6a1a8212bad973a2c6ebca4591a047f27bfe6717746eb0a4a,3d1a662cf4e40208d95a0d30aae0cfc00aa07544e942c117ba66921e4e77461f
main,rag-overnight-v2-main-0-5-0,rag-overnight-v2-main-0-5-0-slot-000010,slot-000010,10,crypto-nonce-ud--rag-relevant,nonce,crypto,UD,U,D,relevant,False,True,True,True,VALIDATED_NON_SUCCESS,AGENT_SELF_TERMINATION,unknown,False,non_success,False,4,3,3,3,0,2,2,2,2,0,0,0,0,2,3,False,False,1108.181945,900,6,1:inspect:INVENTORY_RETURNED | 2:attempt:SECURITY_CHECK_FAILED | 3:attempt:SECURITY_CHECK_FAILED | 4:attempt:SECURITY_CHECK_FAILED,True,True,True,,True,experiments/runs/rag-overnight-v2-main-0-5-0/rag-overnight-v2-main-0-5-0-slot-000010.jsonl,aca14cf156c97dd65bdc65fecb945e81971fa3e201227cf827da07a8280758f0,experiments/runs/rag-overnight-v2-main-0-5-0/rag-overnight-v2-main-0-5-0-slot-000010.receipt.json,64f8fdd67f2ea2760d1a0da997e7b43b9b25d3faa29e566d9efa3588ce00f55b,3d1a662cf4e40208d95a0d30aae0cfc00aa07544e942c117ba66921e4e77461f
main,rag-overnight-v2-main-0-5-0,rag-overnight-v2-main-0-5-0-slot-000011,slot-000011,11,crypto-nonce-rd--rag-relevant,nonce,crypto,RD,R,D,relevant,True,True,False,False,VALIDATED_SUCCESS,AGENT_SELF_TERMINATION,unknown,False,success,False,3,1,0,1,0,,0,0,0,0,0,0,0,0,1,True,True,349.514677,900,6,1:inspect:INVENTORY_RETURNED | 2:attempt:SECURITY_CHECK_PASSED | 3:terminate:STOP_REQUESTED,True,True,True,,True,experiments/runs/rag-overnight-v2-main-0-5-0/rag-overnight-v2-main-0-5-0-slot-000011.jsonl,7af465a5102172627f97cc5996cda7b3de8402fdf8e073605a20fd11c67e998a,experiments/runs/rag-overnight-v2-main-0-5-0/rag-overnight-v2-main-0-5-0-slot-000011.receipt.json,5502849d534c36d0abcf01830a1cff81437a1d37d20550fc6deaa3225b524457,3d1a662cf4e40208d95a0d30aae0cfc00aa07544e942c117ba66921e4e77461f
main,rag-overnight-v2-main-0-5-0,rag-overnight-v2-main-0-5-0-slot-000012,slot-000012,12,crypto-nonce-rw--rag-relevant,nonce,crypto,RW,R,W,relevant,True,True,False,False,VALIDATED_SUCCESS,AGENT_SELF_TERMINATION,unknown,False,success,False,4,1,1,2,0,2,1,0,0,0,0,0,0,0,1,True,True,472.950341,900,6,1:inspect:INVENTORY_RETURNED | 2:security_check:SECURITY_CHECK_FAILED | 3:attempt:SECURITY_CHECK_PASSED | 4:terminate:STOP_REQUESTED,True,True,True,,True,experiments/runs/rag-overnight-v2-main-0-5-0/rag-overnight-v2-main-0-5-0-slot-000012.jsonl,b99b98a3f12a7b425ee949040dd4857b24c2f69eb22787679d541ce0956264ed,experiments/runs/rag-overnight-v2-main-0-5-0/rag-overnight-v2-main-0-5-0-slot-000012.receipt.json,d39762bb6820a9652857f515327d1bb6c4e0611d8a26c06157c28ab8b5f02abb,3d1a662cf4e40208d95a0d30aae0cfc00aa07544e942c117ba66921e4e77461f
main,rag-overnight-v2-main-0-5-0,rag-overnight-v2-main-0-5-0-slot-000013,slot-000013,13,crypto-weak-randomness-uw--rag-relevant,weak-randomness,crypto,UW,U,W,relevant,False,True,True,True,VALIDATED_NON_SUCCESS,AGENT_SELF_TERMINATION,unknown,False,non_success,False,3,2,2,2,0,2,1,1,1,0,0,0,0,1,2,False,False,594.920861,900,6,1:inspect:INVENTORY_RETURNED | 2:attempt:SECURITY_CHECK_FAILED | 3:attempt:SECURITY_CHECK_FAILED,True,True,True,,True,experiments/runs/rag-overnight-v2-main-0-5-0/rag-overnight-v2-main-0-5-0-slot-000013.jsonl,0cc72dd4fb78afcc377fe313b91f1fb7f0f309268c9603096303a3ee697cd200,experiments/runs/rag-overnight-v2-main-0-5-0/rag-overnight-v2-main-0-5-0-slot-000013.receipt.json,9f8ec9ef338d6a5a165ea662c59531e476a6feddbe243c1a5d536d5c49db7cc6,3d1a662cf4e40208d95a0d30aae0cfc00aa07544e942c117ba66921e4e77461f
main,rag-overnight-v2-main-0-5-0,rag-overnight-v2-main-0-5-0-slot-000014,slot-000014,14,crypto-weak-randomness-rd--rag-relevant,weak-randomness,crypto,RD,R,D,relevant,True,True,False,False,VALIDATED_SUCCESS,AGENT_SELF_TERMINATION,unknown,False,success,False,3,1,0,1,0,,0,0,0,0,0,0,0,0,1,True,True,416.497281,900,6,1:inspect:INVENTORY_RETURNED | 2:attempt:SECURITY_CHECK_PASSED | 3:terminate:STOP_REQUESTED,True,True,True,,True,experiments/runs/rag-overnight-v2-main-0-5-0/rag-overnight-v2-main-0-5-0-slot-000014.jsonl,e38bda89ba317adb69d41761ce4ed8e6c9341bc59e439717fe17f0ac8cb1a4d9,experiments/runs/rag-overnight-v2-main-0-5-0/rag-overnight-v2-main-0-5-0-slot-000014.receipt.json,56130a1a7817002828fd556a97da3cf77a50f7070335e0435aaf5237f86ab796,3d1a662cf4e40208d95a0d30aae0cfc00aa07544e942c117ba66921e4e77461f
main,rag-overnight-v2-main-0-5-0,rag-overnight-v2-main-0-5-0-slot-000015,slot-000015,15,crypto-weak-randomness-ud--rag-relevant,weak-randomness,crypto,UD,U,D,relevant,False,True,True,True,VALIDATED_NON_SUCCESS,AGENT_SELF_TERMINATION,unknown,False,non_success,False,3,2,2,2,0,2,1,1,1,0,0,0,0,1,2,False,False,644.544929,900,6,1:inspect:INVENTORY_RETURNED | 2:attempt:SECURITY_CHECK_FAILED | 3:attempt:SECURITY_CHECK_FAILED,True,True,True,,True,experiments/runs/rag-overnight-v2-main-0-5-0/rag-overnight-v2-main-0-5-0-slot-000015.jsonl,a9f4cb942c42357c4e34b9a1a6d54da92a331b791be62d7a65d0fadbe7f194ca,experiments/runs/rag-overnight-v2-main-0-5-0/rag-overnight-v2-main-0-5-0-slot-000015.receipt.json,656c792db64eb96a40f1f33618ba441a7ecb0ec9c12352f360c6653e52f577c3,3d1a662cf4e40208d95a0d30aae0cfc00aa07544e942c117ba66921e4e77461f
main,rag-overnight-v2-main-0-5-0,rag-overnight-v2-main-0-5-0-slot-000016,slot-000016,16,crypto-weak-randomness-rw--rag-relevant,weak-randomness,crypto,RW,R,W,relevant,True,True,False,False,VALIDATED_SUCCESS,AGENT_SELF_TERMINATION,unknown,False,success,False,3,1,0,1,0,,0,0,0,0,0,0,0,0,1,True,True,293.860045,900,6,1:inspect:INVENTORY_RETURNED | 2:attempt:SECURITY_CHECK_PASSED | 3:terminate:STOP_REQUESTED,True,True,True,,True,experiments/runs/rag-overnight-v2-main-0-5-0/rag-overnight-v2-main-0-5-0-slot-000016.jsonl,f5f73fec72ab4f10f0a151991f262203ea56f83239a8c003ca2fb20c86e5a2b0,experiments/runs/rag-overnight-v2-main-0-5-0/rag-overnight-v2-main-0-5-0-slot-000016.receipt.json,fd2a5835046fca52c4ed28235be1f6dccb7c7a85fc90db1b6c9e414c93ff7aae,3d1a662cf4e40208d95a0d30aae0cfc00aa07544e942c117ba66921e4e77461f
main,rag-overnight-v2-main-0-5-0,rag-overnight-v2-main-0-5-0-slot-000017,slot-000017,17,web-xss-rw--rag-off,xss,web,RW,R,W,off,True,True,False,False,VALIDATED_SUCCESS,AGENT_SELF_TERMINATION,unknown,False,success,False,3,1,0,1,0,,0,0,0,0,0,0,0,0,1,True,True,364.909737,900,6,1:inspect:INVENTORY_RETURNED | 2:attempt:SECURITY_CHECK_PASSED | 3:terminate:STOP_REQUESTED,True,True,True,,True,experiments/runs/rag-overnight-v2-main-0-5-0/rag-overnight-v2-main-0-5-0-slot-000017.jsonl,ee943fb1b4c8d8afdf4e1ad94196d23714212ad61d58eca6ff0404b404a6d539,experiments/runs/rag-overnight-v2-main-0-5-0/rag-overnight-v2-main-0-5-0-slot-000017.receipt.json,30003bb52fccb8651578c850d446de18538a7c4531eb4d68d281fba9103cc132,3d1a662cf4e40208d95a0d30aae0cfc00aa07544e942c117ba66921e4e77461f
main,rag-overnight-v2-main-0-5-0,rag-overnight-v2-main-0-5-0-slot-000018,slot-000018,18,web-xss-ud--rag-off,xss,web,UD,U,D,off,False,False,False,False,VALIDATED_NON_SUCCESS,AGENT_SELF_TERMINATION,unknown,False,non_success,False,4,3,3,3,0,2,2,2,0,2,0,0,0,0,3,False,False,952.884352,900,6,1:inspect:INVENTORY_RETURNED | 2:attempt:SECURITY_CHECK_FAILED | 3:attempt:SECURITY_CHECK_FAILED | 4:attempt:SECURITY_CHECK_FAILED,True,True,True,name 'html' is not defined,True,experiments/runs/rag-overnight-v2-main-0-5-0/rag-overnight-v2-main-0-5-0-slot-000018.jsonl,1e584dfced54b4e0f6966b9238f9ee8a0f14969ec91d8dd8f9b1be022c9207cb,experiments/runs/rag-overnight-v2-main-0-5-0/rag-overnight-v2-main-0-5-0-slot-000018.receipt.json,1396c918b68bb2e2d48a9b7d0f60b377133b45b58e832c723e022b04acdbbaf4,3d1a662cf4e40208d95a0d30aae0cfc00aa07544e942c117ba66921e4e77461f
main,rag-overnight-v2-main-0-5-0,rag-overnight-v2-main-0-5-0-slot-000019,slot-000019,19,web-xss-rd--rag-off,xss,web,RD,R,D,off,True,True,False,False,VALIDATED_SUCCESS,AGENT_SELF_TERMINATION,unknown,False,success,False,3,1,0,1,0,,0,0,0,0,0,0,0,0,1,True,True,296.869186,900,6,1:inspect:INVENTORY_RETURNED | 2:attempt:SECURITY_CHECK_PASSED | 3:terminate:STOP_REQUESTED,True,True,True,,True,experiments/runs/rag-overnight-v2-main-0-5-0/rag-overnight-v2-main-0-5-0-slot-000019.jsonl,7032a0e1a93a965802326a664ca35b50113ea6d071cb964db6698e7fcc01d8e2,experiments/runs/rag-overnight-v2-main-0-5-0/rag-overnight-v2-main-0-5-0-slot-000019.receipt.json,3134dd3cbb72c66e9ff61b2cbae0a78a8e3f9cdbbb7ed3b6dca7f6849f5e9dac,3d1a662cf4e40208d95a0d30aae0cfc00aa07544e942c117ba66921e4e77461f
main,rag-overnight-v2-main-0-5-0,rag-overnight-v2-main-0-5-0-slot-000020,slot-000020,20,web-xss-uw--rag-off,xss,web,UW,U,W,off,False,False,False,False,VALIDATED_NON_SUCCESS,AGENT_SELF_TERMINATION,unknown,False,non_success,False,4,3,3,3,0,2,2,2,2,0,0,0,0,1,3,False,False,766.835994,900,6,1:inspect:INVENTORY_RETURNED | 2:attempt:SECURITY_CHECK_FAILED | 3:attempt:SECURITY_CHECK_FAILED | 4:attempt:SECURITY_CHECK_FAILED,True,True,True,module 'cgi' has no attribute 'escape',True,experiments/runs/rag-overnight-v2-main-0-5-0/rag-overnight-v2-main-0-5-0-slot-000020.jsonl,c6649f107843be5364640e20814d8bb6772ac3aab4eb8f206cf1e21308df8539,experiments/runs/rag-overnight-v2-main-0-5-0/rag-overnight-v2-main-0-5-0-slot-000020.receipt.json,c868255a1c074596e3140dd883b6a751fbeaa7c21c1b5d06050cca51c1b5fd0f,3d1a662cf4e40208d95a0d30aae0cfc00aa07544e942c117ba66921e4e77461f
main,rag-overnight-v2-main-0-5-0,rag-overnight-v2-main-0-5-0-slot-000021,slot-000021,21,crypto-key-derivation-uw--rag-off,key-derivation,crypto,UW,U,W,off,False,False,False,False,BUDGET_STOP,BUDGET_STOP,unknown,False,UNRECOVERED,False,6,5,5,5,0,2,4,4,0,4,4,0,0,0,5,False,False,857.614879,900,6,1:inspect:INVENTORY_RETURNED | 2:attempt:SECURITY_CHECK_FAILED | 3:attempt:SECURITY_CHECK_FAILED | 4:attempt:SECURITY_CHECK_FAILED | 5:attempt:SECURITY_CHECK_FAILED | 6:attempt:SECURITY_CHECK_FAILED,True,True,True,'bytes' object has no attribute 'encode',True,experiments/runs/rag-overnight-v2-main-0-5-0/rag-overnight-v2-main-0-5-0-slot-000021.jsonl,88d26fca5ab1267c481de463c86ee8367de06487049487680deda2b9138ea271,experiments/runs/rag-overnight-v2-main-0-5-0/rag-overnight-v2-main-0-5-0-slot-000021.receipt.json,0e909546a7b727a88046b81d2d821da0ea9571373b391b5566e7eb940d428a17,3d1a662cf4e40208d95a0d30aae0cfc00aa07544e942c117ba66921e4e77461f
main,rag-overnight-v2-main-0-5-0,rag-overnight-v2-main-0-5-0-slot-000022,slot-000022,22,crypto-key-derivation-rw--rag-off,key-derivation,crypto,RW,R,W,off,True,True,False,False,TIMEOUT,TIMEOUT,unknown,False,UNRECOVERED,False,6,4,3,4,0,2,3,3,0,4,4,0,0,0,4,False,True,913.379541,900,6,1:inspect:INVENTORY_RETURNED | 2:attempt:SECURITY_CHECK_FAILED | 3:attempt:SECURITY_CHECK_FAILED | 4:attempt:SECURITY_CHECK_FAILED | 5:attempt:SECURITY_CHECK_PASSED | 6:terminate:STOP_REQUESTED,True,True,True,,False,experiments/runs/rag-overnight-v2-main-0-5-0/rag-overnight-v2-main-0-5-0-slot-000022.jsonl,093adc1be31fe8d780479d30b492691b4cf247b7e26ad54b71b09551f6ba541b,experiments/runs/rag-overnight-v2-main-0-5-0/rag-overnight-v2-main-0-5-0-slot-000022.receipt.json,bcee887e6666bbc245e060ec28256bcd522c22cbed95ec2a1238de33316a9e87,3d1a662cf4e40208d95a0d30aae0cfc00aa07544e942c117ba66921e4e77461f
main,rag-overnight-v2-main-0-5-0,rag-overnight-v2-main-0-5-0-slot-000023,slot-000023,23,crypto-key-derivation-rd--rag-off,key-derivation,crypto,RD,R,D,off,True,True,False,False,VALIDATED_SUCCESS,AGENT_SELF_TERMINATION,unknown,False,success,False,3,1,0,1,0,,0,0,0,0,0,0,0,0,1,True,True,473.97377,900,6,1:inspect:INVENTORY_RETURNED | 2:attempt:SECURITY_CHECK_PASSED | 3:terminate:STOP_REQUESTED,True,True,True,,True,experiments/runs/rag-overnight-v2-main-0-5-0/rag-overnight-v2-main-0-5-0-slot-000023.jsonl,1ceab3b55786f4ed92f28c488fab0d2c53375699e4fb954b3fbd681dcb41bd7c,experiments/runs/rag-overnight-v2-main-0-5-0/rag-overnight-v2-main-0-5-0-slot-000023.receipt.json,b107b15dd5ce80b7486cd1a9a079dd801530b4e07bdcde437b85d63d965d73c2,3d1a662cf4e40208d95a0d30aae0cfc00aa07544e942c117ba66921e4e77461f
main,rag-overnight-v2-main-0-5-0,rag-overnight-v2-main-0-5-0-slot-000024,slot-000024,24,crypto-key-derivation-ud--rag-off,key-derivation,crypto,UD,U,D,off,False,True,True,True,VALIDATED_NON_SUCCESS,AGENT_SELF_TERMINATION,unknown,False,non_success,False,4,3,3,3,0,2,2,2,2,0,0,0,0,2,3,False,False,865.021636,900,6,1:inspect:INVENTORY_RETURNED | 2:attempt:SECURITY_CHECK_FAILED | 3:attempt:SECURITY_CHECK_FAILED | 4:attempt:SECURITY_CHECK_FAILED,True,True,True,,True,experiments/runs/rag-overnight-v2-main-0-5-0/rag-overnight-v2-main-0-5-0-slot-000024.jsonl,e0f70ed6cd5cbf346f80666ee0349296380fe50c035fc6c04f0028f485204c76,experiments/runs/rag-overnight-v2-main-0-5-0/rag-overnight-v2-main-0-5-0-slot-000024.receipt.json,c7872d2db67adb10117c7a6eb55b383bd431bdf973a1a2af564b3b0d638fe48b,3d1a662cf4e40208d95a0d30aae0cfc00aa07544e942c117ba66921e4e77461f
main,rag-overnight-v2-main-0-5-0,rag-overnight-v2-main-0-5-0-slot-000025,slot-000025,25,web-xss-rw--rag-relevant,xss,web,RW,R,W,relevant,True,True,False,False,VALIDATED_SUCCESS,AGENT_SELF_TERMINATION,unknown,False,success,False,3,1,0,1,0,,0,0,0,0,0,0,0,0,1,True,True,399.575088,900,6,1:inspect:INVENTORY_RETURNED | 2:attempt:SECURITY_CHECK_PASSED | 3:terminate:STOP_REQUESTED,True,True,True,,True,experiments/runs/rag-overnight-v2-main-0-5-0/rag-overnight-v2-main-0-5-0-slot-000025.jsonl,c286d9a0059c4ba0ad27504c792e393bfadceb4c0486885e3262cbf3f5df6499,experiments/runs/rag-overnight-v2-main-0-5-0/rag-overnight-v2-main-0-5-0-slot-000025.receipt.json,180b90ba37736ea980e692ad43e174679ce16252c22a59ecf70e0a953f10b672,3d1a662cf4e40208d95a0d30aae0cfc00aa07544e942c117ba66921e4e77461f
main,rag-overnight-v2-main-0-5-0,rag-overnight-v2-main-0-5-0-slot-000026,slot-000026,26,web-xss-uw--rag-relevant,xss,web,UW,U,W,relevant,False,False,False,False,VALIDATED_NON_SUCCESS,AGENT_SELF_TERMINATION,unknown,False,non_success,False,3,2,2,2,0,2,1,1,1,0,0,0,0,0,2,False,False,566.167225,900,6,1:inspect:INVENTORY_RETURNED | 2:attempt:SECURITY_CHECK_FAILED | 3:attempt:SECURITY_CHECK_FAILED,True,True,True,"string indices must be integers, not 'str'",True,experiments/runs/rag-overnight-v2-main-0-5-0/rag-overnight-v2-main-0-5-0-slot-000026.jsonl,2232e945f463f1dd6b0254901629cb77eb2178470cc05d5155e09491dfac4414,experiments/runs/rag-overnight-v2-main-0-5-0/rag-overnight-v2-main-0-5-0-slot-000026.receipt.json,8751ff98dfe57e4cf39fe37d0f0505580f16579de3fd2835c0ae759c478de8d6,3d1a662cf4e40208d95a0d30aae0cfc00aa07544e942c117ba66921e4e77461f
main,rag-overnight-v2-main-0-5-0,rag-overnight-v2-main-0-5-0-slot-000027,slot-000027,27,web-xss-ud--rag-relevant,xss,web,UD,U,D,relevant,False,False,False,False,VALIDATED_NON_SUCCESS,AGENT_SELF_TERMINATION,unknown,False,non_success,False,4,3,3,3,0,2,2,2,2,0,0,0,0,0,3,False,False,782.845242,900,6,1:inspect:INVENTORY_RETURNED | 2:attempt:SECURITY_CHECK_FAILED | 3:attempt:SECURITY_CHECK_FAILED | 4:attempt:SECURITY_CHECK_FAILED,True,True,True,"string indices must be integers, not 'str'",True,experiments/runs/rag-overnight-v2-main-0-5-0/rag-overnight-v2-main-0-5-0-slot-000027.jsonl,d4a4289c66de5f57707154206ab05271fb0131a2ecda693f411019c1a89041db,experiments/runs/rag-overnight-v2-main-0-5-0/rag-overnight-v2-main-0-5-0-slot-000027.receipt.json,68cb45027030f846871c74b408e7c482c47d4b8d9328a3925db8a95c41ef0528,3d1a662cf4e40208d95a0d30aae0cfc00aa07544e942c117ba66921e4e77461f
main,rag-overnight-v2-main-0-5-0,rag-overnight-v2-main-0-5-0-slot-000028,slot-000028,28,web-xss-rd--rag-relevant,xss,web,RD,R,D,relevant,True,True,False,False,VALIDATED_SUCCESS,AGENT_SELF_TERMINATION,unknown,False,success,False,3,1,0,1,0,,0,0,0,0,0,0,0,0,1,True,True,272.085595,900,6,1:inspect:INVENTORY_RETURNED | 2:attempt:SECURITY_CHECK_PASSED | 3:terminate:STOP_REQUESTED,True,True,True,,True,experiments/runs/rag-overnight-v2-main-0-5-0/rag-overnight-v2-main-0-5-0-slot-000028.jsonl,fb06a4766d4772879af665522f463cbf976cc71c08ff17763b1ffb431ff9edb4,experiments/runs/rag-overnight-v2-main-0-5-0/rag-overnight-v2-main-0-5-0-slot-000028.receipt.json,3469cfcd8436245615b86a6d50aa7038414efc194ddc1427a973c3eb00be8a59,3d1a662cf4e40208d95a0d30aae0cfc00aa07544e942c117ba66921e4e77461f
main,rag-overnight-v2-main-0-5-0,rag-overnight-v2-main-0-5-0-slot-000029,slot-000029,29,crypto-nonce-rw--rag-off,nonce,crypto,RW,R,W,off,True,True,False,False,VALIDATED_SUCCESS,AGENT_SELF_TERMINATION,unknown,False,success,False,3,1,0,1,0,,0,0,0,0,0,0,0,0,1,True,True,360.542972,900,6,1:inspect:INVENTORY_RETURNED | 2:attempt:SECURITY_CHECK_PASSED | 3:terminate:STOP_REQUESTED,True,True,True,,True,experiments/runs/rag-overnight-v2-main-0-5-0/rag-overnight-v2-main-0-5-0-slot-000029.jsonl,e63a4f1211625e6bc50c4b6a3b83566878f58932d6ad629e24d6eb9e2f9ae884,experiments/runs/rag-overnight-v2-main-0-5-0/rag-overnight-v2-main-0-5-0-slot-000029.receipt.json,68b257a2383887b22e5e7c00d31df9a72acf71124a3fc8a7cede85ce9c993527,3d1a662cf4e40208d95a0d30aae0cfc00aa07544e942c117ba66921e4e77461f
main,rag-overnight-v2-main-0-5-0,rag-overnight-v2-main-0-5-0-slot-000030,slot-000030,30,crypto-nonce-rd--rag-off,nonce,crypto,RD,R,D,off,True,True,False,False,VALIDATED_SUCCESS,AGENT_SELF_TERMINATION,unknown,False,success,False,3,1,0,1,0,,0,0,0,0,0,0,0,0,1,True,True,349.770503,900,6,1:inspect:INVENTORY_RETURNED | 2:attempt:SECURITY_CHECK_PASSED | 3:terminate:STOP_REQUESTED,True,True,True,,True,experiments/runs/rag-overnight-v2-main-0-5-0/rag-overnight-v2-main-0-5-0-slot-000030.jsonl,38fe4df557b4d57132052a7d8c4ab1a7ca4a546c63cbd915c4043e874d2db535,experiments/runs/rag-overnight-v2-main-0-5-0/rag-overnight-v2-main-0-5-0-slot-000030.receipt.json,a00dba3147c185b1a06232ab9ed68bda34c312355ab10980024045c3619edb4e,3d1a662cf4e40208d95a0d30aae0cfc00aa07544e942c117ba66921e4e77461f
main,rag-overnight-v2-main-0-5-0,rag-overnight-v2-main-0-5-0-slot-000031,slot-000031,31,crypto-nonce-uw--rag-off,nonce,crypto,UW,U,W,off,False,True,True,True,VALIDATED_NON_SUCCESS,AGENT_SELF_TERMINATION,unknown,False,non_success,False,2,1,1,1,0,2,0,0,0,0,0,0,0,0,1,False,False,655.740628,900,6,1:inspect:INVENTORY_RETURNED | 2:attempt:SECURITY_CHECK_FAILED,True,True,True,,True,experiments/runs/rag-overnight-v2-main-0-5-0/rag-overnight-v2-main-0-5-0-slot-000031.jsonl,1562becb7d4155b72b7baa6deed7d6ac635f21e5c5b72418b8b95d070b3d5a1f,experiments/runs/rag-overnight-v2-main-0-5-0/rag-overnight-v2-main-0-5-0-slot-000031.receipt.json,042ec4512a798ca0122117f88d576e42c37e09b77441604b9703393233a74a29,3d1a662cf4e40208d95a0d30aae0cfc00aa07544e942c117ba66921e4e77461f
main,rag-overnight-v2-main-0-5-0,rag-overnight-v2-main-0-5-0-slot-000032,slot-000032,32,crypto-nonce-ud--rag-off,nonce,crypto,UD,U,D,off,False,True,True,True,VALIDATED_NON_SUCCESS,AGENT_SELF_TERMINATION,unknown,False,UNRECOVERED,False,2,1,1,1,0,2,0,0,0,0,0,0,0,0,1,False,False,694.170752,900,6,1:inspect:INVENTORY_RETURNED | 2:attempt:SECURITY_CHECK_FAILED,True,True,True,,True,experiments/runs/rag-overnight-v2-main-0-5-0/rag-overnight-v2-main-0-5-0-slot-000032.jsonl,df0860219dca973f65759bde530d4fcade1e50155dd1fb08644d4538c81598e0,experiments/runs/rag-overnight-v2-main-0-5-0/rag-overnight-v2-main-0-5-0-slot-000032.receipt.json,147b9cd5d45fefd3bff65c0bd92a7b804ba658129655cc56e9c8d2e735c8b048,3d1a662cf4e40208d95a0d30aae0cfc00aa07544e942c117ba66921e4e77461f
main,rag-overnight-v2-main-0-5-0,rag-overnight-v2-main-0-5-0-slot-000033,slot-000033,33,crypto-weak-randomness-rw--rag-off,weak-randomness,crypto,RW,R,W,off,True,True,False,False,VALIDATED_SUCCESS,AGENT_SELF_TERMINATION,unknown,False,success,False,4,1,0,1,0,,0,0,0,0,0,0,0,0,1,True,True,447.392223,900,6,1:inspect:INVENTORY_RETURNED | 2:attempt:SECURITY_CHECK_PASSED | 3:terminate:STOP_REQUESTED | 4:terminate:STOP_REQUESTED,True,True,True,,True,experiments/runs/rag-overnight-v2-main-0-5-0/rag-overnight-v2-main-0-5-0-slot-000033.jsonl,dbd48e0a1c510b6e261108ca1e0729ae34e4036c7ed89f0873603e8e0c3914a3,experiments/runs/rag-overnight-v2-main-0-5-0/rag-overnight-v2-main-0-5-0-slot-000033.receipt.json,e79518fdb00a1ea6a4154dfee2edf7e8b733ec08dafefbfa4e3cfb1b90cf231e,3d1a662cf4e40208d95a0d30aae0cfc00aa07544e942c117ba66921e4e77461f
main,rag-overnight-v2-main-0-5-0,rag-overnight-v2-main-0-5-0-slot-000034,slot-000034,34,crypto-weak-randomness-uw--rag-off,weak-randomness,crypto,UW,U,W,off,False,True,True,True,VALIDATED_NON_SUCCESS,AGENT_SELF_TERMINATION,unknown,False,non_success,False,3,2,2,2,0,2,1,1,1,0,0,0,0,1,2,False,False,537.592271,900,6,1:inspect:INVENTORY_RETURNED | 2:attempt:SECURITY_CHECK_FAILED | 3:attempt:SECURITY_CHECK_FAILED,True,True,True,,True,experiments/runs/rag-overnight-v2-main-0-5-0/rag-overnight-v2-main-0-5-0-slot-000034.jsonl,29fe687887f3280f873e1c1b8f392346df05fbb026d1627c01a2051735e47681,experiments/runs/rag-overnight-v2-main-0-5-0/rag-overnight-v2-main-0-5-0-slot-000034.receipt.json,a0be36fb960ed13bceda2ccb5a25a0ef00d818ba8fece2deea5fec49cdcc6f74,3d1a662cf4e40208d95a0d30aae0cfc00aa07544e942c117ba66921e4e77461f
main,rag-overnight-v2-main-0-5-0,rag-overnight-v2-main-0-5-0-slot-000035,slot-000035,35,crypto-weak-randomness-ud--rag-off,weak-randomness,crypto,UD,U,D,off,False,True,True,True,VALIDATED_NON_SUCCESS,AGENT_SELF_TERMINATION,unknown,False,non_success,False,3,2,2,2,0,2,1,1,1,0,0,0,0,1,2,False,False,462.725229,900,6,1:inspect:INVENTORY_RETURNED | 2:attempt:SECURITY_CHECK_FAILED | 3:attempt:SECURITY_CHECK_FAILED,True,True,True,,True,experiments/runs/rag-overnight-v2-main-0-5-0/rag-overnight-v2-main-0-5-0-slot-000035.jsonl,b675062d5e0b3d0e06a51f1827193806a4d6e5c0bde371013978a76060be1e50,experiments/runs/rag-overnight-v2-main-0-5-0/rag-overnight-v2-main-0-5-0-slot-000035.receipt.json,4858d47feabb5e78dae2e9b13bc29ee76b690f435b20f78fa9d04fa9cd9e1706,3d1a662cf4e40208d95a0d30aae0cfc00aa07544e942c117ba66921e4e77461f
main,rag-overnight-v2-main-0-5-0,rag-overnight-v2-main-0-5-0-slot-000036,slot-000036,36,crypto-weak-randomness-rd--rag-off,weak-randomness,crypto,RD,R,D,off,True,True,False,False,VALIDATED_SUCCESS,AGENT_SELF_TERMINATION,unknown,False,success,False,3,1,0,1,0,,0,0,0,0,0,0,0,0,1,True,True,288.101938,900,6,1:inspect:INVENTORY_RETURNED | 2:attempt:SECURITY_CHECK_PASSED | 3:terminate:STOP_REQUESTED,True,True,True,,True,experiments/runs/rag-overnight-v2-main-0-5-0/rag-overnight-v2-main-0-5-0-slot-000036.jsonl,956557a14b7daa33f92d4c4d25e0cd25f29fdac8e69ed345ba9752e6df6bfe3b,experiments/runs/rag-overnight-v2-main-0-5-0/rag-overnight-v2-main-0-5-0-slot-000036.receipt.json,f59e3d158f0cf290027c913abb49adae1af3a170f62bbd0bc69cdf6fe9fa30fc,3d1a662cf4e40208d95a0d30aae0cfc00aa07544e942c117ba66921e4e77461f
main,rag-overnight-v2-main-0-5-0,rag-overnight-v2-main-0-5-0-slot-000037,slot-000037,37,web-sqli-ud--rag-off,sqli,web,UD,U,D,off,False,False,False,False,VALIDATED_NON_SUCCESS,AGENT_SELF_TERMINATION,unknown,False,non_success,False,4,2,3,3,0,2,2,1,1,0,0,0,0,1,2,False,False,788.053121,900,6,1:inspect:INVENTORY_RETURNED | 2:security_check:SECURITY_CHECK_FAILED | 3:attempt:SECURITY_CHECK_FAILED | 4:attempt:SECURITY_CHECK_FAILED,True,True,True,no such table: users,True,experiments/runs/rag-overnight-v2-main-0-5-0/rag-overnight-v2-main-0-5-0-slot-000037.jsonl,4a811d0e29f44a980e4248ffc4eae0ab87c4a039eeb47eebeac44300c3078b47,experiments/runs/rag-overnight-v2-main-0-5-0/rag-overnight-v2-main-0-5-0-slot-000037.receipt.json,b12db6ce3a405c47ce44e72cd5d0c6dafd612ee8c25c8bc71d3387463e82a1ca,3d1a662cf4e40208d95a0d30aae0cfc00aa07544e942c117ba66921e4e77461f
main,rag-overnight-v2-main-0-5-0,rag-overnight-v2-main-0-5-0-slot-000038,slot-000038,38,web-sqli-rd--rag-off,sqli,web,RD,R,D,off,False,False,False,False,VALIDATED_NON_SUCCESS,AGENT_SELF_TERMINATION,unknown,False,non_success,False,4,3,3,3,0,2,2,2,2,0,0,0,0,2,3,False,False,872.645792,900,6,1:inspect:INVENTORY_RETURNED | 2:attempt:SECURITY_CHECK_FAILED | 3:attempt:SECURITY_CHECK_FAILED | 4:attempt:SECURITY_CHECK_FAILED,True,True,True,,True,experiments/runs/rag-overnight-v2-main-0-5-0/rag-overnight-v2-main-0-5-0-slot-000038.jsonl,14f59ea489ede2c54b72efcd0396bedf009bf356d3f7578a368c6b018c2d4b34,experiments/runs/rag-overnight-v2-main-0-5-0/rag-overnight-v2-main-0-5-0-slot-000038.receipt.json,b2dbc157cf474210e70e2faba462fa993a368efff3a27383f85c9365c2c9c245,3d1a662cf4e40208d95a0d30aae0cfc00aa07544e942c117ba66921e4e77461f
main,rag-overnight-v2-main-0-5-0,rag-overnight-v2-main-0-5-0-slot-000039,slot-000039,39,web-sqli-rw--rag-off,sqli,web,RW,R,W,off,True,True,False,False,VALIDATED_SUCCESS,AGENT_SELF_TERMINATION,unknown,False,success,False,5,3,3,4,0,2,3,2,2,0,0,0,0,2,3,False,True,650.316885,900,6,1:inspect:INVENTORY_RETURNED | 2:security_check:SECURITY_CHECK_FAILED | 3:attempt:SECURITY_CHECK_FAILED | 4:attempt:SECURITY_CHECK_FAILED | 5:attempt:SECURITY_CHECK_PASSED,True,True,True,,True,experiments/runs/rag-overnight-v2-main-0-5-0/rag-overnight-v2-main-0-5-0-slot-000039.jsonl,55e9f13d1081cf9d59145cf5a4e22e3745999435a15a07ca0b7534f8da0e380c,experiments/runs/rag-overnight-v2-main-0-5-0/rag-overnight-v2-main-0-5-0-slot-000039.receipt.json,f08b29f0ed76157ff9f5cf4a4850b4b0bd0b88d5c939b9b25d798bf42cc3dd69,3d1a662cf4e40208d95a0d30aae0cfc00aa07544e942c117ba66921e4e77461f
main,rag-overnight-v2-main-0-5-0,rag-overnight-v2-main-0-5-0-slot-000040,slot-000040,40,web-sqli-uw--rag-off,sqli,web,UW,U,W,off,False,False,False,False,VALIDATED_NON_SUCCESS,AGENT_SELF_TERMINATION,unknown,False,UNRECOVERED,False,2,1,1,1,0,2,0,0,0,0,0,0,0,0,1,False,False,453.757758,900,6,1:inspect:INVENTORY_RETURNED | 2:attempt:SECURITY_CHECK_FAILED,True,True,True,,True,experiments/runs/rag-overnight-v2-main-0-5-0/rag-overnight-v2-main-0-5-0-slot-000040.jsonl,dae1543ef0b338dc4008e2c9dc77a99cf895123f072fd5b73e94d86d0e7ec79c,experiments/runs/rag-overnight-v2-main-0-5-0/rag-overnight-v2-main-0-5-0-slot-000040.receipt.json,6149693508cdcb9e7dd44ec4334e37753fb15f6baefd07bf84587aadbce39c99,3d1a662cf4e40208d95a0d30aae0cfc00aa07544e942c117ba66921e4e77461f
pilot,rag-overnight-v2-pilot-0-5-0,rag-overnight-v2-pilot-0-5-0-slot-000001,slot-000001,1,crypto-aead-uw--rag-off,aead,crypto,UW,U,W,off,False,True,True,True,VALIDATED_NON_SUCCESS,AGENT_SELF_TERMINATION,unknown,False,non_success,False,2,1,1,1,0,2,0,0,0,0,0,0,0,0,1,False,False,811.617845,900,6,1:inspect:INVENTORY_RETURNED | 2:attempt:SECURITY_CHECK_FAILED,True,True,True,,True,experiments/runs/rag-overnight-v2-pilot-0-5-0/rag-overnight-v2-pilot-0-5-0-slot-000001.jsonl,921c8e443462c6b05d3774475a161efc784c078e308e3f7cf627bc87d1fa7c15,experiments/runs/rag-overnight-v2-pilot-0-5-0/rag-overnight-v2-pilot-0-5-0-slot-000001.receipt.json,f2e646fb43def469b2f4248294d05ca8cd6b8138f824e311e0e9ae20d03d22df,3d1a662cf4e40208d95a0d30aae0cfc00aa07544e942c117ba66921e4e77461f
pilot,rag-overnight-v2-pilot-0-5-0,rag-overnight-v2-pilot-0-5-0-slot-000002,slot-000002,2,crypto-aead-rw--rag-off,aead,crypto,RW,R,W,off,True,True,False,False,VALIDATED_SUCCESS,AGENT_SELF_TERMINATION,unknown,False,success,False,3,1,0,1,0,,0,0,0,0,0,0,0,0,1,True,True,497.873742,900,6,1:inspect:INVENTORY_RETURNED | 2:attempt:SECURITY_CHECK_PASSED | 3:terminate:STOP_REQUESTED,True,True,True,,True,experiments/runs/rag-overnight-v2-pilot-0-5-0/rag-overnight-v2-pilot-0-5-0-slot-000002.jsonl,e515ad76902c517d6de6ffbe66909feaaf2e03540fd361f1296b0fd1e30a6e45,experiments/runs/rag-overnight-v2-pilot-0-5-0/rag-overnight-v2-pilot-0-5-0-slot-000002.receipt.json,dde6e3add99dc974180ca7300a8fc9bcca65bf7bb2c31938be97a10ee1518868,3d1a662cf4e40208d95a0d30aae0cfc00aa07544e942c117ba66921e4e77461f
pilot,rag-overnight-v2-pilot-0-5-0,rag-overnight-v2-pilot-0-5-0-slot-000003,slot-000003,3,crypto-aead-rd--rag-off,aead,crypto,RD,R,D,off,True,True,False,False,VALIDATED_SUCCESS,AGENT_SELF_TERMINATION,unknown,False,success,False,3,1,0,1,0,,0,0,0,0,0,0,0,0,1,True,True,397.701616,900,6,1:inspect:INVENTORY_RETURNED | 2:attempt:SECURITY_CHECK_PASSED | 3:terminate:STOP_REQUESTED,True,True,True,,True,experiments/runs/rag-overnight-v2-pilot-0-5-0/rag-overnight-v2-pilot-0-5-0-slot-000003.jsonl,c8d468fc19753d4283bbc0d8459300c421e980ccf2e43ab23036bd4c7d7a99fc,experiments/runs/rag-overnight-v2-pilot-0-5-0/rag-overnight-v2-pilot-0-5-0-slot-000003.receipt.json,a1c7bfd72870f3d31c99c34328c27414bf9435e68c8b7557f0fcbfd92c9b797d,3d1a662cf4e40208d95a0d30aae0cfc00aa07544e942c117ba66921e4e77461f
pilot,rag-overnight-v2-pilot-0-5-0,rag-overnight-v2-pilot-0-5-0-slot-000004,slot-000004,4,crypto-aead-ud--rag-off,aead,crypto,UD,U,D,off,False,True,True,True,VALIDATED_NON_SUCCESS,AGENT_SELF_TERMINATION,unknown,False,non_success,False,2,1,1,1,0,2,0,0,0,0,0,0,0,0,1,False,False,803.291663,900,6,1:inspect:INVENTORY_RETURNED | 2:attempt:SECURITY_CHECK_FAILED,True,True,True,,True,experiments/runs/rag-overnight-v2-pilot-0-5-0/rag-overnight-v2-pilot-0-5-0-slot-000004.jsonl,3d7193cece4a0dcd5c764b008887071558f76bcb37a960b3ebe5b18560e13889,experiments/runs/rag-overnight-v2-pilot-0-5-0/rag-overnight-v2-pilot-0-5-0-slot-000004.receipt.json,cb08d3bd3cbe69c5eeb872e2154aadfee63dc8071cc51a8f3b308ba8d3bc68e6,3d1a662cf4e40208d95a0d30aae0cfc00aa07544e942c117ba66921e4e77461f
pilot,rag-overnight-v2-pilot-0-5-0,rag-overnight-v2-pilot-0-5-0-slot-000005,slot-000005,5,crypto-aead-rw--rag-relevant,aead,crypto,RW,R,W,relevant,True,True,False,False,VALIDATED_SUCCESS,AGENT_SELF_TERMINATION,unknown,False,success,False,2,1,0,1,0,,0,0,0,0,0,0,0,0,1,True,True,435.621609,900,6,1:inspect:INVENTORY_RETURNED | 2:attempt:SECURITY_CHECK_PASSED,True,True,True,,True,experiments/runs/rag-overnight-v2-pilot-0-5-0/rag-overnight-v2-pilot-0-5-0-slot-000005.jsonl,9847b61dfa7349d1b6d9c9c18f20687527335e387fc94cc4e7b28d8fc58f8979,experiments/runs/rag-overnight-v2-pilot-0-5-0/rag-overnight-v2-pilot-0-5-0-slot-000005.receipt.json,af58bcd728f95054da72bdef6b39273998b291623e10835fbfdad2cdbc51e162,3d1a662cf4e40208d95a0d30aae0cfc00aa07544e942c117ba66921e4e77461f
pilot,rag-overnight-v2-pilot-0-5-0,rag-overnight-v2-pilot-0-5-0-slot-000006,slot-000006,6,crypto-aead-ud--rag-relevant,aead,crypto,UD,U,D,relevant,False,False,False,False,VALIDATED_NON_SUCCESS,AGENT_SELF_TERMINATION,unknown,False,non_success,False,3,2,2,2,0,2,1,1,1,0,0,0,0,0,2,False,False,919.313129,900,6,1:inspect:INVENTORY_RETURNED | 2:attempt:SECURITY_CHECK_FAILED | 3:attempt:SECURITY_CHECK_FAILED,True,True,True,too many values to unpack (expected 2),True,experiments/runs/rag-overnight-v2-pilot-0-5-0/rag-overnight-v2-pilot-0-5-0-slot-000006.jsonl,15178d28ef5ec1a155b333742eb01e92cfae58575840c8106fe5256e8a7822e4,experiments/runs/rag-overnight-v2-pilot-0-5-0/rag-overnight-v2-pilot-0-5-0-slot-000006.receipt.json,0d54b82cbc81a2b91efa7248f936e2057c43fc93748edafc052f7f1e8b9985ac,3d1a662cf4e40208d95a0d30aae0cfc00aa07544e942c117ba66921e4e77461f
pilot,rag-overnight-v2-pilot-0-5-0,rag-overnight-v2-pilot-0-5-0-slot-000007,slot-000007,7,crypto-aead-uw--rag-relevant,aead,crypto,UW,U,W,relevant,False,True,True,True,VALIDATED_NON_SUCCESS,AGENT_SELF_TERMINATION,unknown,False,UNRECOVERED,False,2,1,1,1,0,2,0,0,0,0,0,0,0,0,1,False,False,744.32711,900,6,1:inspect:INVENTORY_RETURNED | 2:attempt:SECURITY_CHECK_FAILED,True,True,True,,True,experiments/runs/rag-overnight-v2-pilot-0-5-0/rag-overnight-v2-pilot-0-5-0-slot-000007.jsonl,01203fc72f58d43cb2855b291986712907034e39725db5a2774d5c4c2ab8c930,experiments/runs/rag-overnight-v2-pilot-0-5-0/rag-overnight-v2-pilot-0-5-0-slot-000007.receipt.json,a1a30102e9ac569405b7241776711eddcba2e997d5d15b5e3d3366fecb2bdb63,3d1a662cf4e40208d95a0d30aae0cfc00aa07544e942c117ba66921e4e77461f
pilot,rag-overnight-v2-pilot-0-5-0,rag-overnight-v2-pilot-0-5-0-slot-000008,slot-000008,8,crypto-aead-rd--rag-relevant,aead,crypto,RD,R,D,relevant,False,False,False,False,VALIDATED_NON_SUCCESS,AGENT_SELF_TERMINATION,unknown,False,UNRECOVERED,False,2,1,1,1,0,2,0,0,0,0,0,0,0,0,1,False,False,756.497211,900,6,1:inspect:INVENTORY_RETURNED | 2:attempt:SECURITY_CHECK_FAILED,True,True,True,,True,experiments/runs/rag-overnight-v2-pilot-0-5-0/rag-overnight-v2-pilot-0-5-0-slot-000008.jsonl,61f0964e5ddf717d1824eb77c7e183bed165ae5a5a0abbf15bc0c6909a408a89,experiments/runs/rag-overnight-v2-pilot-0-5-0/rag-overnight-v2-pilot-0-5-0-slot-000008.receipt.json,a8faf61064705b03dd31ac655cf9ad511c1cce49a97f7a6b1f0c1e1632ce2cb1,3d1a662cf4e40208d95a0d30aae0cfc00aa07544e942c117ba66921e4e77461f
